filename,width,height,class,xmin,ymin,xmax,ymax
back_fisheye_image_0000.jpg,640,480,trashcan,64,139,125,200
back_fisheye_image_0000.jpg,640,480,trashcan,286,127,345,211
back_fisheye_image_0001.jpg,640,480,trashcan,63,134,130,197
back_fisheye_image_0001.jpg,640,480,trashcan,287,128,350,210
back_fisheye_image_0002.jpg,640,480,trashcan,63,131,127,200
back_fisheye_image_0002.jpg,640,480,trashcan,284,131,350,211
back_fisheye_image_0003.jpg,640,480,trashcan,62,132,126,198
back_fisheye_image_0003.jpg,640,480,trashcan,282,123,347,208
back_fisheye_image_0004.jpg,640,480,trashcan,63,133,121,201
back_fisheye_image_0004.jpg,640,480,trashcan,286,129,348,206
back_fisheye_image_0005.jpg,640,480,trashcan,75,132,129,194
back_fisheye_image_0005.jpg,640,480,trashcan,284,124,346,210
back_fisheye_image_0006.jpg,640,480,trashcan,86,141,141,201
back_fisheye_image_0006.jpg,640,480,trashcan,284,129,346,209
back_fisheye_image_0007.jpg,640,480,trashcan,83,144,144,203
back_fisheye_image_0007.jpg,640,480,trashcan,289,134,346,207
back_fisheye_image_0008.jpg,640,480,trashcan,98,141,152,205
back_fisheye_image_0008.jpg,640,480,trashcan,286,136,341,212
back_fisheye_image_0009.jpg,640,480,trashcan,167,149,212,196
back_fisheye_image_0009.jpg,640,480,trashcan,326,136,383,212
back_fisheye_image_0011.jpg,640,480,trashcan,161,146,201,195
back_fisheye_image_0011.jpg,640,480,trashcan,300,136,359,213
back_fisheye_image_0012.jpg,640,480,trashcan,157,148,201,200
back_fisheye_image_0012.jpg,640,480,trashcan,290,133,347,209
back_fisheye_image_0013.jpg,640,480,trashcan,171,148,211,197
back_fisheye_image_0013.jpg,640,480,trashcan,289,139,348,208
back_fisheye_image_0014.jpg,640,480,trashcan,177,145,207,191
back_fisheye_image_0014.jpg,640,480,trashcan,283,131,339,205
back_fisheye_image_0015.jpg,640,480,trashcan,192,146,228,188
back_fisheye_image_0015.jpg,640,480,trashcan,293,131,341,207
back_fisheye_image_0016.jpg,640,480,trashcan,230,146,266,190
back_fisheye_image_0016.jpg,640,480,trashcan,321,132,373,206
back_fisheye_image_0017.jpg,640,480,trashcan,227,146,267,190
back_fisheye_image_0017.jpg,640,480,trashcan,306,129,363,206
back_fisheye_image_0018.jpg,640,480,trashcan,226,145,265,191
back_fisheye_image_0018.jpg,640,480,trashcan,295,136,364,204
back_fisheye_image_0021.jpg,640,480,trashcan,248,153,279,189
back_fisheye_image_0021.jpg,640,480,trashcan,295,137,351,211
back_fisheye_image_0022.jpg,640,480,trashcan,251,151,280,192
back_fisheye_image_0022.jpg,640,480,trashcan,289,139,345,209
back_fisheye_image_0023.jpg,640,480,trashcan,260,155,282,191
back_fisheye_image_0023.jpg,640,480,trashcan,286,138,343,209
back_fisheye_image_0024.jpg,640,480,trashcan,264,153,291,196
back_fisheye_image_0024.jpg,640,480,trashcan,288,136,342,214
back_fisheye_image_0025.jpg,640,480,trashcan,286,151,303,191
back_fisheye_image_0025.jpg,640,480,trashcan,299,136,356,211
back_fisheye_image_0026.jpg,640,480,trashcan,285,140,335,211
back_fisheye_image_0027.jpg,640,480,trashcan,277,143,327,214
back_fisheye_image_0028.jpg,640,480,trashcan,271,143,323,207
back_fisheye_image_0029.jpg,640,480,trashcan,271,141,310,195
back_fisheye_image_0030.jpg,640,480,trashcan,263,122,303,181
back_fisheye_image_0031.jpg,640,480,trashcan,254,136,292,186
back_fisheye_image_0032.jpg,640,480,trashcan,251,147,287,196
back_fisheye_image_0033.jpg,640,480,trashcan,334,147,371,199
back_fisheye_image_0034.jpg,640,480,trashcan,321,153,361,200
back_fisheye_image_0035.jpg,640,480,trashcan,292,148,324,196
back_fisheye_image_0037.jpg,640,480,trashcan,301,141,332,189
back_fisheye_image_0038.jpg,640,480,trashcan,396,133,432,183
back_fisheye_image_0038.jpg,640,480,trashcan,446,135,466,171
back_fisheye_image_0039.jpg,640,480,trashcan,324,144,356,187
back_fisheye_image_0039.jpg,640,480,trashcan,371,146,391,176
back_fisheye_image_0040.jpg,640,480,trashcan,323,151,355,194
back_fisheye_image_0040.jpg,640,480,trashcan,371,151,393,190
back_fisheye_image_0041.jpg,640,480,trashcan,304,136,345,189
back_fisheye_image_0041.jpg,640,480,trashcan,363,140,395,176
back_fisheye_image_0043.jpg,640,480,trashcan,277,137,326,191
back_fisheye_image_0043.jpg,640,480,trashcan,353,141,376,179
back_fisheye_image_0044.jpg,640,480,trashcan,275,147,309,187
back_fisheye_image_0044.jpg,640,480,trashcan,346,147,364,176
back_fisheye_image_0045.jpg,640,480,trashcan,260,152,299,194
back_fisheye_image_0045.jpg,640,480,trashcan,339,149,368,186
back_fisheye_image_0046.jpg,640,480,trashcan,274,146,310,196
back_fisheye_image_0046.jpg,640,480,trashcan,352,146,371,178
back_fisheye_image_0047.jpg,640,480,trashcan,271,143,311,195
back_fisheye_image_0047.jpg,640,480,trashcan,353,147,378,180
back_fisheye_image_0048.jpg,640,480,trashcan,271,145,314,192
back_fisheye_image_0048.jpg,640,480,trashcan,359,146,374,175
back_fisheye_image_0050.jpg,640,480,trashcan,265,155,296,196
back_fisheye_image_0050.jpg,640,480,trashcan,357,150,380,182
back_fisheye_image_0051.jpg,640,480,trashcan,291,154,320,193
back_fisheye_image_0051.jpg,640,480,trashcan,380,150,405,181
back_fisheye_image_0052.jpg,640,480,trashcan,273,152,301,192
back_fisheye_image_0052.jpg,640,480,trashcan,366,146,395,186
back_fisheye_image_0053.jpg,640,480,trashcan,265,154,296,194
back_fisheye_image_0053.jpg,640,480,trashcan,363,151,389,186
back_fisheye_image_0054.jpg,640,480,trashcan,255,154,295,197
back_fisheye_image_0054.jpg,640,480,trashcan,361,153,385,190
back_fisheye_image_0055.jpg,640,480,trashcan,248,160,282,204
back_fisheye_image_0055.jpg,640,480,trashcan,351,154,381,191
back_fisheye_image_0058.jpg,640,480,trashcan,238,153,278,196
back_fisheye_image_0058.jpg,640,480,trashcan,357,150,384,187
back_fisheye_image_0059.jpg,640,480,trashcan,243,153,271,191
back_fisheye_image_0059.jpg,640,480,trashcan,361,151,383,183
back_fisheye_image_0060.jpg,640,480,trashcan,233,156,265,199
back_fisheye_image_0060.jpg,640,480,trashcan,352,152,379,186
back_fisheye_image_0061.jpg,640,480,trashcan,256,157,286,195
back_fisheye_image_0061.jpg,640,480,trashcan,379,151,399,179
back_fisheye_image_0062.jpg,640,480,trashcan,248,153,281,196
back_fisheye_image_0062.jpg,640,480,trashcan,371,149,392,181
back_fisheye_image_0063.jpg,640,480,trashcan,235,146,266,191
back_fisheye_image_0063.jpg,640,480,trashcan,359,143,382,174
back_fisheye_image_0064.jpg,640,480,trashcan,217,147,255,185
back_fisheye_image_0064.jpg,640,480,trashcan,355,141,374,175
back_fisheye_image_0066.jpg,640,480,trashcan,256,146,288,183
back_fisheye_image_0066.jpg,640,480,trashcan,386,141,409,176
back_fisheye_image_0067.jpg,640,480,trashcan,255,144,289,184
back_fisheye_image_0067.jpg,640,480,trashcan,387,138,411,176
back_fisheye_image_0068.jpg,640,480,trashcan,276,143,313,186
back_fisheye_image_0068.jpg,640,480,trashcan,409,142,436,176
back_fisheye_image_0069.jpg,640,480,trashcan,321,143,349,179
back_fisheye_image_0069.jpg,640,480,trashcan,460,141,488,176
back_fisheye_image_0070.jpg,640,480,trashcan,347,136,373,171
back_fisheye_image_0070.jpg,640,480,trashcan,502,131,531,173
back_fisheye_image_0071.jpg,640,480,trashcan,334,141,366,177
back_fisheye_image_0071.jpg,640,480,trashcan,492,135,518,176
back_fisheye_image_0072.jpg,640,480,trashcan,328,135,357,176
back_fisheye_image_0072.jpg,640,480,trashcan,472,133,511,171
back_fisheye_image_0073.jpg,640,480,trashcan,311,141,347,178
back_fisheye_image_0073.jpg,640,480,trashcan,475,133,499,170
back_fisheye_image_0075.jpg,640,480,trashcan,304,135,330,174
back_fisheye_image_0075.jpg,640,480,trashcan,450,128,483,170
back_fisheye_image_0076.jpg,640,480,trashcan,291,130,328,171
back_fisheye_image_0076.jpg,640,480,trashcan,445,127,479,171
back_fisheye_image_0078.jpg,640,480,trashcan,274,126,306,167
back_fisheye_image_0078.jpg,640,480,trashcan,436,121,464,163
back_fisheye_image_0079.jpg,640,480,trashcan,259,128,291,166
back_fisheye_image_0079.jpg,640,480,trashcan,411,122,444,166
back_fisheye_image_0080.jpg,640,480,trashcan,251,120,280,154
back_fisheye_image_0080.jpg,640,480,trashcan,412,116,437,153
back_fisheye_image_0081.jpg,640,480,trashcan,244,124,271,157
back_fisheye_image_0081.jpg,640,480,trashcan,401,121,428,159
back_fisheye_image_0082.jpg,640,480,trashcan,235,136,264,170
back_fisheye_image_0082.jpg,640,480,trashcan,386,131,418,170
back_fisheye_image_0083.jpg,640,480,trashcan,221,132,255,166
back_fisheye_image_0083.jpg,640,480,trashcan,376,127,402,164
back_fisheye_image_0084.jpg,640,480,trashcan,208,131,249,167
back_fisheye_image_0084.jpg,640,480,trashcan,370,127,395,173
back_fisheye_image_0085.jpg,640,480,trashcan,208,135,241,173
back_fisheye_image_0085.jpg,640,480,trashcan,366,131,392,175
back_fisheye_image_0086.jpg,640,480,trashcan,201,132,236,169
back_fisheye_image_0086.jpg,640,480,trashcan,360,131,385,166
back_fisheye_image_0087.jpg,640,480,trashcan,196,134,231,175
back_fisheye_image_0087.jpg,640,480,trashcan,351,137,379,176
back_fisheye_image_0088.jpg,640,480,trashcan,198,136,232,172
back_fisheye_image_0088.jpg,640,480,trashcan,349,132,371,177
back_fisheye_image_0089.jpg,640,480,trashcan,274,137,304,172
back_fisheye_image_0089.jpg,640,480,trashcan,426,136,455,176
back_fisheye_image_0090.jpg,640,480,trashcan,268,136,295,172
back_fisheye_image_0090.jpg,640,480,trashcan,416,136,441,178
back_fisheye_image_0091.jpg,640,480,trashcan,255,134,288,171
back_fisheye_image_0091.jpg,640,480,trashcan,400,131,436,178
back_fisheye_image_0092.jpg,640,480,trashcan,256,136,274,170
back_fisheye_image_0092.jpg,640,480,trashcan,394,134,423,173
back_fisheye_image_0093.jpg,640,480,trashcan,242,134,267,175
back_fisheye_image_0093.jpg,640,480,trashcan,381,131,412,176
back_fisheye_image_0094.jpg,640,480,trashcan,271,143,301,182
back_fisheye_image_0094.jpg,640,480,trashcan,407,137,443,192
back_fisheye_image_0095.jpg,640,480,trashcan,258,136,294,174
back_fisheye_image_0095.jpg,640,480,trashcan,398,130,428,178
back_fisheye_image_0096.jpg,640,480,trashcan,279,134,305,166
back_fisheye_image_0096.jpg,640,480,trashcan,411,132,442,177
back_fisheye_image_0097.jpg,640,480,trashcan,274,131,300,168
back_fisheye_image_0097.jpg,640,480,trashcan,406,126,441,178
back_fisheye_image_0098.jpg,640,480,trashcan,264,129,293,170
back_fisheye_image_0098.jpg,640,480,trashcan,399,121,434,171
back_fisheye_image_0099.jpg,640,480,trashcan,256,124,283,163
back_fisheye_image_0099.jpg,640,480,trashcan,396,116,434,171
back_fisheye_image_0100.jpg,640,480,trashcan,244,120,279,164
back_fisheye_image_0100.jpg,640,480,trashcan,376,112,414,170
back_fisheye_image_0101.jpg,640,480,trashcan,238,119,267,159
back_fisheye_image_0101.jpg,640,480,trashcan,371,115,400,163
back_fisheye_image_0102.jpg,640,480,trashcan,246,125,274,158
back_fisheye_image_0102.jpg,640,480,trashcan,373,118,406,167
back_fisheye_image_0103.jpg,640,480,trashcan,243,125,271,162
back_fisheye_image_0103.jpg,640,480,trashcan,367,123,397,170
back_fisheye_image_0104.jpg,640,480,trashcan,235,132,261,165
back_fisheye_image_0104.jpg,640,480,trashcan,347,120,382,171
back_fisheye_image_0106.jpg,640,480,trashcan,264,147,287,173
back_fisheye_image_0106.jpg,640,480,trashcan,370,134,400,183
back_fisheye_image_0108.jpg,640,480,trashcan,264,152,286,188
back_fisheye_image_0108.jpg,640,480,trashcan,356,143,390,190
back_fisheye_image_0109.jpg,640,480,trashcan,342,140,378,191
back_fisheye_image_0109.jpg,640,480,trashcan,256,151,277,182
back_fisheye_image_0110.jpg,640,480,trashcan,258,160,280,191
back_fisheye_image_0110.jpg,640,480,trashcan,337,152,376,206
back_fisheye_image_0111.jpg,640,480,trashcan,295,151,317,182
back_fisheye_image_0111.jpg,640,480,trashcan,373,139,406,196
back_fisheye_image_0113.jpg,640,480,trashcan,296,148,323,185
back_fisheye_image_0113.jpg,640,480,trashcan,366,136,406,193
back_fisheye_image_0114.jpg,640,480,trashcan,292,148,318,181
back_fisheye_image_0114.jpg,640,480,trashcan,356,139,393,194
back_fisheye_image_0115.jpg,640,480,trashcan,316,150,340,181
back_fisheye_image_0115.jpg,640,480,trashcan,377,142,411,196
back_fisheye_image_0117.jpg,640,480,trashcan,311,151,338,180
back_fisheye_image_0117.jpg,640,480,trashcan,360,140,408,195
back_fisheye_image_0118.jpg,640,480,trashcan,335,151,356,181
back_fisheye_image_0118.jpg,640,480,trashcan,386,142,422,199
back_fisheye_image_0119.jpg,640,480,trashcan,331,153,356,184
back_fisheye_image_0119.jpg,640,480,trashcan,373,141,409,200
back_fisheye_image_0120.jpg,640,480,trashcan,326,155,350,184
back_fisheye_image_0120.jpg,640,480,trashcan,360,146,393,205
back_fisheye_image_0121.jpg,640,480,trashcan,317,154,338,186
back_fisheye_image_0121.jpg,640,480,trashcan,346,146,383,202
back_fisheye_image_0122.jpg,640,480,trashcan,308,156,331,187
back_fisheye_image_0122.jpg,640,480,trashcan,331,145,370,205
back_fisheye_image_0123.jpg,640,480,trashcan,303,156,326,191
back_fisheye_image_0123.jpg,640,480,trashcan,324,146,361,201
back_fisheye_image_0124.jpg,640,480,trashcan,301,155,328,187
back_fisheye_image_0124.jpg,640,480,trashcan,321,145,362,200
back_fisheye_image_0125.jpg,640,480,trashcan,296,151,315,185
back_fisheye_image_0125.jpg,640,480,trashcan,311,141,346,204
back_fisheye_image_0126.jpg,640,480,trashcan,297,144,331,197
back_fisheye_image_0128.jpg,640,480,trashcan,296,144,337,196
back_fisheye_image_0129.jpg,640,480,trashcan,309,145,350,199
back_fisheye_image_0130.jpg,640,480,trashcan,296,144,333,199
back_fisheye_image_0131.jpg,640,480,trashcan,285,145,322,198
back_fisheye_image_0132.jpg,640,480,trashcan,274,143,308,200
back_fisheye_image_0132.jpg,640,480,trashcan,306,152,326,181
back_fisheye_image_0133.jpg,640,480,trashcan,256,144,296,201
back_fisheye_image_0133.jpg,640,480,trashcan,297,153,317,184
back_fisheye_image_0134.jpg,640,480,trashcan,286,144,322,201
back_fisheye_image_0134.jpg,640,480,trashcan,329,157,350,186
back_fisheye_image_0135.jpg,640,480,trashcan,342,146,373,200
back_fisheye_image_0135.jpg,640,480,trashcan,384,154,406,190
back_fisheye_image_0136.jpg,640,480,trashcan,321,144,362,201
back_fisheye_image_0136.jpg,640,480,trashcan,376,153,396,191
back_fisheye_image_0137.jpg,640,480,trashcan,313,146,346,206
back_fisheye_image_0137.jpg,640,480,trashcan,369,161,391,188
back_fisheye_image_0138.jpg,640,480,trashcan,310,141,353,203
back_fisheye_image_0138.jpg,640,480,trashcan,367,148,400,195
back_fisheye_image_0139.jpg,640,480,trashcan,307,142,350,200
back_fisheye_image_0139.jpg,640,480,trashcan,371,158,394,192
back_fisheye_image_0140.jpg,640,480,trashcan,308,146,344,203
back_fisheye_image_0140.jpg,640,480,trashcan,368,156,389,193
back_fisheye_image_0141.jpg,640,480,trashcan,292,143,337,196
back_fisheye_image_0141.jpg,640,480,trashcan,363,153,386,188
back_fisheye_image_0142.jpg,640,480,trashcan,276,144,322,201
back_fisheye_image_0142.jpg,640,480,trashcan,352,154,376,191
back_fisheye_image_0143.jpg,640,480,trashcan,277,143,321,203
back_fisheye_image_0143.jpg,640,480,trashcan,360,154,385,191
back_fisheye_image_0145.jpg,640,480,trashcan,281,149,319,201
back_fisheye_image_0145.jpg,640,480,trashcan,375,156,396,189
back_fisheye_image_0146.jpg,640,480,trashcan,275,147,316,201
back_fisheye_image_0146.jpg,640,480,trashcan,376,156,398,195
back_fisheye_image_0147.jpg,640,480,trashcan,272,145,311,195
back_fisheye_image_0147.jpg,640,480,trashcan,375,157,399,190
back_fisheye_image_0148.jpg,640,480,trashcan,331,151,363,201
back_fisheye_image_0148.jpg,640,480,trashcan,439,157,471,193
back_fisheye_image_0149.jpg,640,480,trashcan,388,148,429,202
back_fisheye_image_0149.jpg,640,480,trashcan,517,156,562,200
back_fisheye_image_0150.jpg,640,480,trashcan,386,147,426,203
back_fisheye_image_0150.jpg,640,480,trashcan,529,157,564,196
back_fisheye_image_0151.jpg,640,480,trashcan,376,146,416,209
back_fisheye_image_0151.jpg,640,480,trashcan,519,152,558,202
back_fisheye_image_0152.jpg,640,480,trashcan,361,146,407,206
back_fisheye_image_0152.jpg,640,480,trashcan,507,149,550,198
back_fisheye_image_0153.jpg,640,480,trashcan,505,148,541,198
back_fisheye_image_0153.jpg,640,480,trashcan,352,144,390,199
back_fisheye_image_0154.jpg,640,480,trashcan,363,146,397,197
back_fisheye_image_0154.jpg,640,480,trashcan,523,156,567,201
back_fisheye_image_0155.jpg,640,480,trashcan,350,146,386,201
back_fisheye_image_0155.jpg,640,480,trashcan,507,151,552,196
back_fisheye_image_0156.jpg,640,480,trashcan,356,145,399,203
back_fisheye_image_0156.jpg,640,480,trashcan,531,147,574,199
back_fisheye_image_0157.jpg,640,480,trashcan,345,141,385,201
back_fisheye_image_0157.jpg,640,480,trashcan,514,146,569,201
back_fisheye_image_0158.jpg,640,480,trashcan,332,144,374,205
back_fisheye_image_0158.jpg,640,480,trashcan,510,149,551,205
back_fisheye_image_0159.jpg,640,480,trashcan,324,146,367,205
back_fisheye_image_0159.jpg,640,480,trashcan,505,150,551,199
back_fisheye_image_0160.jpg,640,480,trashcan,315,147,353,202
back_fisheye_image_0160.jpg,640,480,trashcan,499,153,542,206
back_fisheye_image_0161.jpg,640,480,trashcan,299,144,340,208
back_fisheye_image_0161.jpg,640,480,trashcan,486,147,533,206
back_fisheye_image_0163.jpg,640,480,trashcan,276,141,314,201
back_fisheye_image_0163.jpg,640,480,trashcan,471,151,504,196
back_fisheye_image_0164.jpg,640,480,trashcan,258,143,304,200
back_fisheye_image_0165.jpg,640,480,trashcan,441,144,484,196
back_fisheye_image_0165.jpg,640,480,trashcan,241,141,285,201
back_fisheye_image_0166.jpg,640,480,trashcan,171,140,225,201
back_fisheye_image_0166.jpg,640,480,trashcan,381,151,416,193
back_fisheye_image_0167.jpg,640,480,trashcan,94,138,162,203
back_fisheye_image_0167.jpg,640,480,trashcan,326,151,364,191
back_fisheye_image_0168.jpg,640,480,trashcan,61,134,130,204
back_fisheye_image_0168.jpg,640,480,trashcan,316,148,347,192
back_fisheye_image_0169.jpg,640,480,trashcan,61,75,144,156
back_fisheye_image_0169.jpg,640,480,trashcan,331,98,372,151
back_fisheye_image_0171.jpg,640,480,trashcan,103,125,171,197
back_fisheye_image_0171.jpg,640,480,trashcan,354,148,383,189
back_fisheye_image_0172.jpg,640,480,trashcan,128,130,189,194
back_fisheye_image_0172.jpg,640,480,trashcan,363,144,399,194
back_fisheye_image_0173.jpg,640,480,trashcan,124,131,191,202
back_fisheye_image_0173.jpg,640,480,trashcan,363,148,399,198
back_fisheye_image_0175.jpg,640,480,trashcan,112,138,160,201
back_fisheye_image_0175.jpg,640,480,trashcan,345,152,383,194
back_fisheye_image_0176.jpg,640,480,trashcan,81,138,143,197
back_fisheye_image_0176.jpg,640,480,trashcan,331,151,368,197
back_fisheye_image_0177.jpg,640,480,trashcan,68,134,126,197
back_fisheye_image_0177.jpg,640,480,trashcan,320,148,355,196
back_fisheye_image_0178.jpg,640,480,trashcan,99,144,146,196
back_fisheye_image_0178.jpg,640,480,trashcan,333,150,372,202
back_fisheye_image_0179.jpg,640,480,trashcan,87,142,141,194
back_fisheye_image_0179.jpg,640,480,trashcan,326,146,368,200
back_fisheye_image_0180.jpg,640,480,trashcan,63,140,132,196
back_fisheye_image_0181.jpg,640,480,trashcan,306,142,351,194
back_fisheye_image_0182.jpg,640,480,trashcan,49,139,108,195
back_fisheye_image_0182.jpg,640,480,trashcan,295,143,337,195
back_fisheye_image_0183.jpg,640,480,trashcan,35,135,105,202
back_fisheye_image_0183.jpg,640,480,trashcan,281,144,330,197
back_fisheye_image_0184.jpg,640,480,trashcan,19,131,93,196
back_fisheye_image_0184.jpg,640,480,trashcan,276,146,314,198
back_fisheye_image_0185.jpg,640,480,trashcan,181,151,211,186
back_fisheye_image_0185.jpg,640,480,trashcan,327,146,353,190
back_fisheye_image_0186.jpg,640,480,trashcan,211,151,241,186
back_fisheye_image_0186.jpg,640,480,trashcan,342,147,376,192
back_fisheye_image_0187.jpg,640,480,trashcan,209,146,243,186
back_fisheye_image_0187.jpg,640,480,trashcan,337,147,361,181
back_fisheye_image_0188.jpg,640,480,trashcan,213,155,235,182
back_fisheye_image_0188.jpg,640,480,trashcan,327,154,351,187
back_fisheye_image_0190.jpg,640,480,trashcan,210,159,236,189
back_fisheye_image_0190.jpg,640,480,trashcan,317,161,341,190
back_fisheye_image_0191.jpg,640,480,trashcan,209,164,232,190
back_fisheye_image_0191.jpg,640,480,trashcan,310,161,336,196
back_fisheye_image_0192.jpg,640,480,trashcan,233,156,256,189
back_fisheye_image_0192.jpg,640,480,trashcan,326,156,351,192
back_fisheye_image_0193.jpg,640,480,trashcan,227,165,246,186
back_fisheye_image_0193.jpg,640,480,trashcan,321,162,339,186
back_fisheye_image_0194.jpg,640,480,trashcan,221,160,242,189
back_fisheye_image_0194.jpg,640,480,trashcan,311,161,335,191
back_fisheye_image_0196.jpg,640,480,trashcan,212,161,232,187
back_fisheye_image_0196.jpg,640,480,trashcan,301,157,326,187
back_fisheye_image_0197.jpg,640,480,trashcan,206,158,226,182
back_fisheye_image_0197.jpg,640,480,trashcan,291,157,317,186
back_fisheye_image_0198.jpg,640,480,trashcan,202,157,221,178
back_fisheye_image_0198.jpg,640,480,trashcan,289,155,312,188
back_fisheye_image_0199.jpg,640,480,trashcan,195,155,215,180
back_fisheye_image_0199.jpg,640,480,trashcan,281,156,306,184
back_fisheye_image_0201.jpg,640,480,trashcan,196,162,216,186
back_fisheye_image_0201.jpg,640,480,trashcan,279,160,301,185
back_fisheye_image_0202.jpg,640,480,trashcan,215,160,236,185
back_fisheye_image_0202.jpg,640,480,trashcan,286,160,316,187
back_fisheye_image_0203.jpg,640,480,trashcan,220,160,241,183
back_fisheye_image_0203.jpg,640,480,trashcan,291,158,316,185
back_fisheye_image_0204.jpg,640,480,trashcan,242,158,264,181
back_fisheye_image_0204.jpg,640,480,trashcan,310,157,331,177
back_fisheye_image_0205.jpg,640,480,trashcan,252,157,281,179
back_fisheye_image_0205.jpg,640,480,trashcan,323,151,350,176
back_fisheye_image_0206.jpg,640,480,trashcan,332,142,358,172
back_fisheye_image_0206.jpg,640,480,trashcan,263,148,283,167
back_fisheye_image_0207.jpg,640,480,trashcan,275,153,294,171
back_fisheye_image_0207.jpg,640,480,trashcan,341,151,366,178
back_fisheye_image_0208.jpg,640,480,trashcan,264,151,293,180
back_fisheye_image_0208.jpg,640,480,trashcan,334,151,356,181
back_fisheye_image_0210.jpg,640,480,trashcan,263,152,276,168
back_fisheye_image_0210.jpg,640,480,trashcan,326,150,345,174
back_fisheye_image_0211.jpg,640,480,trashcan,252,152,273,172
back_fisheye_image_0211.jpg,640,480,trashcan,317,150,338,176
back_fisheye_image_0212.jpg,640,480,trashcan,249,154,271,174
back_fisheye_image_0212.jpg,640,480,trashcan,311,150,332,177
back_fisheye_image_0213.jpg,640,480,trashcan,259,155,272,173
back_fisheye_image_0214.jpg,640,480,trashcan,258,156,272,178
back_fisheye_image_0214.jpg,640,480,trashcan,313,151,336,183
back_fisheye_image_0215.jpg,640,480,trashcan,262,159,276,176
back_fisheye_image_0215.jpg,640,480,trashcan,311,152,336,177
back_fisheye_image_0216.jpg,640,480,trashcan,351,152,370,181
back_fisheye_image_0217.jpg,640,480,trashcan,376,151,398,184
back_fisheye_image_0217.jpg,640,480,trashcan,323,156,340,173
back_fisheye_image_0218.jpg,640,480,trashcan,358,152,376,176
back_fisheye_image_0218.jpg,640,480,trashcan,416,148,436,182
back_fisheye_image_0219.jpg,640,480,trashcan,364,153,382,176
back_fisheye_image_0219.jpg,640,480,trashcan,420,146,441,176
back_fisheye_image_0220.jpg,640,480,trashcan,388,147,405,173
back_fisheye_image_0220.jpg,640,480,trashcan,442,146,468,178
back_fisheye_image_0221.jpg,640,480,trashcan,409,144,422,171
back_fisheye_image_0221.jpg,640,480,trashcan,464,141,491,177
back_fisheye_image_0223.jpg,640,480,trashcan,392,148,414,171
back_fisheye_image_0223.jpg,640,480,trashcan,442,141,471,176
back_fisheye_image_0224.jpg,640,480,trashcan,387,149,407,174
back_fisheye_image_0224.jpg,640,480,trashcan,436,142,463,177
back_fisheye_image_0225.jpg,640,480,trashcan,376,149,401,176
back_fisheye_image_0225.jpg,640,480,trashcan,426,144,449,181
back_fisheye_image_0226.jpg,640,480,trashcan,417,144,447,178
back_fisheye_image_0226.jpg,640,480,trashcan,374,147,394,171
back_fisheye_image_0227.jpg,640,480,trashcan,357,148,372,172
back_fisheye_image_0227.jpg,640,480,trashcan,393,145,417,181
back_fisheye_image_0228.jpg,640,480,trashcan,338,147,356,169
back_fisheye_image_0228.jpg,640,480,trashcan,375,136,401,176
back_fisheye_image_0229.jpg,640,480,trashcan,334,145,348,168
back_fisheye_image_0229.jpg,640,480,trashcan,370,141,392,177
back_fisheye_image_0231.jpg,640,480,trashcan,323,144,338,167
back_fisheye_image_0231.jpg,640,480,trashcan,354,139,381,175
back_fisheye_image_0232.jpg,640,480,trashcan,318,151,335,171
back_fisheye_image_0232.jpg,640,480,trashcan,348,146,372,177
back_fisheye_image_0234.jpg,640,480,trashcan,305,157,322,180
back_fisheye_image_0234.jpg,640,480,trashcan,326,150,355,186
back_fisheye_image_0235.jpg,640,480,trashcan,303,157,316,181
back_fisheye_image_0235.jpg,640,480,trashcan,321,152,349,186
back_fisheye_image_0236.jpg,640,480,trashcan,296,155,312,179
back_fisheye_image_0236.jpg,640,480,trashcan,312,150,341,185
back_fisheye_image_0237.jpg,640,480,trashcan,305,157,330,190
back_fisheye_image_0237.jpg,640,480,trashcan,291,163,303,185
back_fisheye_image_0238.jpg,640,480,trashcan,278,172,297,193
back_fisheye_image_0238.jpg,640,480,trashcan,295,163,320,202
back_fisheye_image_0239.jpg,640,480,trashcan,305,156,336,196
back_fisheye_image_0241.jpg,640,480,trashcan,296,156,326,196
back_fisheye_image_0242.jpg,640,480,trashcan,286,151,317,197
back_fisheye_image_0243.jpg,640,480,trashcan,272,151,312,196
back_fisheye_image_0244.jpg,640,480,trashcan,286,151,311,191
back_fisheye_image_0245.jpg,640,480,trashcan,276,126,303,166
back_fisheye_image_0246.jpg,640,480,trashcan,262,118,295,160
back_fisheye_image_0247.jpg,640,480,trashcan,269,158,298,204
back_fisheye_image_0248.jpg,640,480,trashcan,261,161,295,197
back_fisheye_image_0249.jpg,640,480,trashcan,255,168,289,207
back_fisheye_image_0250.jpg,640,480,trashcan,253,163,285,206
back_fisheye_image_0251.jpg,640,480,trashcan,253,164,287,206
back_fisheye_image_0252.jpg,640,480,trashcan,256,168,289,208
back_fisheye_image_0253.jpg,640,480,trashcan,283,159,311,196
back_fisheye_image_0253.jpg,640,480,trashcan,324,162,342,184
back_fisheye_image_0254.jpg,640,480,trashcan,277,152,312,196
back_fisheye_image_0254.jpg,640,480,trashcan,326,157,345,183
back_fisheye_image_0255.jpg,640,480,trashcan,268,149,302,193
back_fisheye_image_0255.jpg,640,480,trashcan,321,151,340,180
back_fisheye_image_0256.jpg,640,480,trashcan,258,151,292,192
back_fisheye_image_0256.jpg,640,480,trashcan,316,152,331,181
back_fisheye_image_0257.jpg,640,480,trashcan,241,141,276,186
back_fisheye_image_0257.jpg,640,480,trashcan,307,146,331,171
back_fisheye_image_0258.jpg,640,480,trashcan,225,136,264,189
back_fisheye_image_0258.jpg,640,480,trashcan,298,144,322,168
back_fisheye_image_0259.jpg,640,480,trashcan,216,139,265,188
back_fisheye_image_0259.jpg,640,480,trashcan,295,140,314,172
back_fisheye_image_0260.jpg,640,480,trashcan,208,148,248,194
back_fisheye_image_0260.jpg,640,480,trashcan,291,148,318,180
back_fisheye_image_0261.jpg,640,480,trashcan,211,158,252,204
back_fisheye_image_0261.jpg,640,480,trashcan,298,161,316,183
back_fisheye_image_0262.jpg,640,480,trashcan,199,161,237,201
back_fisheye_image_0263.jpg,640,480,trashcan,181,161,225,205
back_fisheye_image_0264.jpg,640,480,trashcan,181,160,223,208
back_fisheye_image_0264.jpg,640,480,trashcan,284,158,309,190
back_fisheye_image_0265.jpg,640,480,trashcan,246,153,284,199
back_fisheye_image_0267.jpg,640,480,trashcan,246,151,283,196
back_fisheye_image_0268.jpg,640,480,trashcan,237,152,275,200
back_fisheye_image_0269.jpg,640,480,trashcan,241,156,279,197
back_fisheye_image_0269.jpg,640,480,trashcan,340,149,364,179
back_fisheye_image_0270.jpg,640,480,trashcan,230,161,265,205
back_fisheye_image_0270.jpg,640,480,trashcan,336,154,355,187
back_fisheye_image_0271.jpg,640,480,trashcan,216,163,252,205
back_fisheye_image_0271.jpg,640,480,trashcan,329,156,349,187
back_fisheye_image_0272.jpg,640,480,trashcan,196,152,236,196
back_fisheye_image_0272.jpg,640,480,trashcan,317,152,337,186
back_fisheye_image_0273.jpg,640,480,trashcan,238,159,274,201
back_fisheye_image_0273.jpg,640,480,trashcan,360,151,376,183
back_fisheye_image_0274.jpg,640,480,trashcan,287,148,326,197
back_fisheye_image_0274.jpg,640,480,trashcan,413,146,445,179
back_fisheye_image_0275.jpg,640,480,trashcan,353,141,390,193
back_fisheye_image_0275.jpg,640,480,trashcan,501,134,533,175
back_fisheye_image_0276.jpg,640,480,trashcan,409,142,446,191
back_fisheye_image_0276.jpg,640,480,trashcan,580,140,621,181
back_fisheye_image_0277.jpg,640,480,trashcan,471,147,501,183
back_fisheye_image_0277.jpg,640,480,trashcan,341,149,371,193
back_fisheye_image_0278.jpg,640,480,trashcan,324,153,351,189
back_fisheye_image_0278.jpg,640,480,trashcan,453,146,488,179
back_fisheye_image_0279.jpg,640,480,trashcan,450,146,480,182
back_fisheye_image_0280.jpg,640,480,trashcan,440,145,466,176
back_fisheye_image_0281.jpg,640,480,trashcan,435,148,454,180
back_fisheye_image_0281.jpg,640,480,trashcan,288,151,314,191
back_fisheye_image_0284.jpg,640,480,trashcan,256,136,294,180
back_fisheye_image_0284.jpg,640,480,trashcan,402,131,431,171
back_fisheye_image_0285.jpg,640,480,trashcan,243,136,281,175
back_fisheye_image_0285.jpg,640,480,trashcan,401,130,423,161
back_fisheye_image_0286.jpg,640,480,trashcan,238,135,271,176
back_fisheye_image_0286.jpg,640,480,trashcan,391,131,413,166
back_fisheye_image_0287.jpg,640,480,trashcan,228,134,262,179
back_fisheye_image_0287.jpg,640,480,trashcan,384,131,403,162
back_fisheye_image_0288.jpg,640,480,trashcan,223,134,253,171
back_fisheye_image_0288.jpg,640,480,trashcan,376,126,403,173
back_fisheye_image_0289.jpg,640,480,trashcan,211,127,247,174
back_fisheye_image_0289.jpg,640,480,trashcan,368,122,393,160
back_fisheye_image_0290.jpg,640,480,trashcan,214,129,247,173
back_fisheye_image_0290.jpg,640,480,trashcan,368,124,398,166
back_fisheye_image_0291.jpg,640,480,trashcan,231,126,273,176
back_fisheye_image_0291.jpg,640,480,trashcan,392,121,416,160
back_fisheye_image_0292.jpg,640,480,trashcan,257,121,289,166
back_fisheye_image_0292.jpg,640,480,trashcan,408,118,436,159
back_fisheye_image_0293.jpg,640,480,trashcan,264,120,293,159
back_fisheye_image_0293.jpg,640,480,trashcan,417,117,442,154
back_fisheye_image_0294.jpg,640,480,trashcan,249,130,289,179
back_fisheye_image_0294.jpg,640,480,trashcan,415,130,443,170
back_fisheye_image_0295.jpg,640,480,trashcan,252,124,290,176
back_fisheye_image_0295.jpg,640,480,trashcan,421,118,451,162
back_fisheye_image_0296.jpg,640,480,trashcan,245,114,283,165
back_fisheye_image_0296.jpg,640,480,trashcan,424,106,456,156
back_fisheye_image_0298.jpg,640,480,trashcan,241,107,282,158
back_fisheye_image_0298.jpg,640,480,trashcan,432,106,466,156
back_fisheye_image_0299.jpg,640,480,trashcan,239,116,281,173
back_fisheye_image_0299.jpg,640,480,trashcan,433,114,466,158
back_fisheye_image_0300.jpg,640,480,trashcan,235,116,284,175
back_fisheye_image_0300.jpg,640,480,trashcan,425,110,466,161
back_fisheye_image_0301.jpg,640,480,trashcan,227,119,276,171
back_fisheye_image_0301.jpg,640,480,trashcan,426,116,463,173
back_fisheye_image_0302.jpg,640,480,trashcan,416,87,451,140
back_fisheye_image_0302.jpg,640,480,trashcan,188,87,243,143
back_fisheye_image_0303.jpg,640,480,trashcan,185,105,234,158
back_fisheye_image_0303.jpg,640,480,trashcan,421,101,458,156
back_fisheye_image_0305.jpg,640,480,trashcan,162,98,217,159
back_fisheye_image_0305.jpg,640,480,trashcan,410,101,439,152
back_fisheye_image_0306.jpg,640,480,trashcan,142,110,204,164
back_fisheye_image_0306.jpg,640,480,trashcan,388,101,426,167
back_fisheye_image_0307.jpg,640,480,trashcan,118,104,180,162
back_fisheye_image_0307.jpg,640,480,trashcan,370,96,411,153
back_fisheye_image_0308.jpg,640,480,trashcan,116,106,183,171
back_fisheye_image_0308.jpg,640,480,trashcan,366,104,406,163
back_fisheye_image_0309.jpg,640,480,trashcan,116,111,186,166
back_fisheye_image_0309.jpg,640,480,trashcan,364,106,403,164
back_fisheye_image_0310.jpg,640,480,trashcan,126,106,192,162
back_fisheye_image_0310.jpg,640,480,trashcan,368,103,406,161
back_fisheye_image_0311.jpg,640,480,trashcan,172,106,218,160
back_fisheye_image_0311.jpg,640,480,trashcan,396,101,441,159
back_fisheye_image_0313.jpg,640,480,trashcan,164,118,206,172
back_fisheye_image_0313.jpg,640,480,trashcan,382,114,418,172
back_fisheye_image_0314.jpg,640,480,trashcan,171,116,216,166
back_fisheye_image_0314.jpg,640,480,trashcan,381,111,419,172
back_fisheye_image_0316.jpg,640,480,trashcan,131,128,182,184
back_fisheye_image_0316.jpg,640,480,trashcan,331,116,373,176
back_fisheye_image_0317.jpg,640,480,trashcan,126,129,172,186
back_fisheye_image_0317.jpg,640,480,trashcan,318,118,364,176
back_fisheye_image_0318.jpg,640,480,trashcan,314,118,357,172
back_fisheye_image_0318.jpg,640,480,trashcan,124,124,164,175
back_fisheye_image_0319.jpg,640,480,trashcan,129,126,173,174
back_fisheye_image_0319.jpg,640,480,trashcan,313,118,356,178
back_fisheye_image_0320.jpg,640,480,trashcan,127,121,170,171
back_fisheye_image_0320.jpg,640,480,trashcan,303,114,345,176
back_fisheye_image_0321.jpg,640,480,trashcan,121,136,165,182
back_fisheye_image_0321.jpg,640,480,trashcan,288,124,331,184
back_fisheye_image_0322.jpg,640,480,trashcan,127,129,166,175
back_fisheye_image_0322.jpg,640,480,trashcan,291,116,326,181
back_fisheye_image_0323.jpg,640,480,trashcan,148,129,184,176
back_fisheye_image_0323.jpg,640,480,trashcan,294,113,337,184
back_fisheye_image_0324.jpg,640,480,trashcan,191,136,223,180
back_fisheye_image_0324.jpg,640,480,trashcan,329,118,372,185
back_fisheye_image_0325.jpg,640,480,trashcan,191,136,222,179
back_fisheye_image_0325.jpg,640,480,trashcan,318,118,361,186
back_fisheye_image_0328.jpg,640,480,trashcan,283,132,332,203
back_fisheye_image_0328.jpg,640,480,trashcan,181,152,213,187
back_fisheye_image_0329.jpg,640,480,trashcan,181,155,213,197
back_fisheye_image_0329.jpg,640,480,trashcan,270,136,321,211
back_fisheye_image_0330.jpg,640,480,trashcan,185,148,219,193
back_fisheye_image_0330.jpg,640,480,trashcan,262,135,315,205
back_fisheye_image_0331.jpg,640,480,trashcan,171,141,211,191
back_fisheye_image_0331.jpg,640,480,trashcan,237,126,303,211
back_fisheye_image_0332.jpg,640,480,trashcan,204,152,234,191
back_fisheye_image_0332.jpg,640,480,trashcan,251,131,311,215
back_fisheye_image_0333.jpg,640,480,trashcan,226,147,254,189
back_fisheye_image_0333.jpg,640,480,trashcan,261,126,322,216
back_fisheye_image_0334.jpg,640,480,trashcan,251,151,275,188
back_fisheye_image_0334.jpg,640,480,trashcan,276,125,330,211
frontright_fisheye_image_0000.jpg,480,640,trashcan,323,124,381,203
frontright_fisheye_image_0001.jpg,480,640,trashcan,339,122,393,196
frontright_fisheye_image_0002.jpg,480,640,trashcan,327,131,381,201
frontright_fisheye_image_0003.jpg,480,640,trashcan,330,138,385,210
frontright_fisheye_image_0004.jpg,480,640,trashcan,320,143,377,217
frontright_fisheye_image_0005.jpg,480,640,trashcan,320,145,373,213
frontright_fisheye_image_0006.jpg,480,640,trashcan,268,172,320,232
frontright_fisheye_image_0007.jpg,480,640,trashcan,263,180,308,244
frontright_fisheye_image_0007.jpg,480,640,trashcan,423,136,464,195
frontright_fisheye_image_0008.jpg,480,640,trashcan,258,181,305,239
frontright_fisheye_image_0008.jpg,480,640,trashcan,420,131,461,193
frontright_fisheye_image_0009.jpg,480,640,trashcan,257,182,306,244
frontright_fisheye_image_0009.jpg,480,640,trashcan,417,131,463,193
frontright_fisheye_image_0010.jpg,480,640,trashcan,257,182,306,242
frontright_fisheye_image_0010.jpg,480,640,trashcan,418,134,466,196
frontright_fisheye_image_0012.jpg,480,640,trashcan,256,182,305,240
frontright_fisheye_image_0012.jpg,480,640,trashcan,418,135,462,191
frontright_fisheye_image_0013.jpg,480,640,trashcan,257,183,303,240
frontright_fisheye_image_0013.jpg,480,640,trashcan,419,132,463,196
frontright_fisheye_image_0014.jpg,480,640,trashcan,257,183,305,243
frontright_fisheye_image_0014.jpg,480,640,trashcan,420,133,463,194
frontright_fisheye_image_0015.jpg,480,640,trashcan,255,182,304,242
frontright_fisheye_image_0015.jpg,480,640,trashcan,418,132,465,194
frontright_fisheye_image_0016.jpg,480,640,trashcan,256,182,304,240
frontright_fisheye_image_0016.jpg,480,640,trashcan,419,133,462,187
frontright_fisheye_image_0017.jpg,480,640,trashcan,256,182,304,242
frontright_fisheye_image_0017.jpg,480,640,trashcan,422,134,459,184
frontright_fisheye_image_0018.jpg,480,640,trashcan,243,187,293,249
frontright_fisheye_image_0018.jpg,480,640,trashcan,393,147,430,198
frontright_fisheye_image_0020.jpg,480,640,trashcan,257,182,305,239
frontright_fisheye_image_0020.jpg,480,640,trashcan,395,144,431,190
frontright_fisheye_image_0021.jpg,480,640,trashcan,272,174,319,237
frontright_fisheye_image_0022.jpg,480,640,trashcan,285,163,338,232
frontright_fisheye_image_0022.jpg,480,640,trashcan,417,129,456,183
frontright_fisheye_image_0023.jpg,480,640,trashcan,299,163,349,229
frontright_fisheye_image_0023.jpg,480,640,trashcan,427,130,469,183
frontright_fisheye_image_0026.jpg,480,640,trashcan,278,173,330,235
frontright_fisheye_image_0026.jpg,480,640,trashcan,387,150,422,194
frontright_fisheye_image_0027.jpg,480,640,trashcan,258,180,309,247
frontright_fisheye_image_0027.jpg,480,640,trashcan,353,166,387,210
frontright_fisheye_image_0028.jpg,480,640,trashcan,270,170,320,242
frontright_fisheye_image_0028.jpg,480,640,trashcan,360,162,397,207
frontright_fisheye_image_0029.jpg,480,640,trashcan,281,167,330,237
frontright_fisheye_image_0029.jpg,480,640,trashcan,363,160,399,207
frontright_fisheye_image_0030.jpg,480,640,trashcan,294,160,347,234
frontright_fisheye_image_0030.jpg,480,640,trashcan,373,156,409,200
frontright_fisheye_image_0031.jpg,480,640,trashcan,279,158,336,234
frontright_fisheye_image_0031.jpg,480,640,trashcan,358,162,392,200
frontright_fisheye_image_0032.jpg,480,640,trashcan,299,156,357,230
frontright_fisheye_image_0032.jpg,480,640,trashcan,365,157,402,203
frontright_fisheye_image_0034.jpg,480,640,trashcan,335,143,389,223
frontright_fisheye_image_0034.jpg,480,640,trashcan,392,150,428,196
frontright_fisheye_image_0035.jpg,480,640,trashcan,352,134,415,219
frontright_fisheye_image_0036.jpg,480,640,trashcan,349,140,410,220
frontright_fisheye_image_0038.jpg,480,640,trashcan,310,156,370,226
frontright_fisheye_image_0039.jpg,480,640,trashcan,322,145,385,226
frontright_fisheye_image_0041.jpg,480,640,trashcan,344,139,407,226
frontright_fisheye_image_0042.jpg,480,640,trashcan,353,133,417,217
frontright_fisheye_image_0043.jpg,480,640,trashcan,329,142,391,222
frontright_fisheye_image_0043.jpg,480,640,trashcan,310,173,337,213
frontright_fisheye_image_0044.jpg,480,640,trashcan,335,136,397,220
frontright_fisheye_image_0044.jpg,480,640,trashcan,307,173,339,210
frontright_fisheye_image_0045.jpg,480,640,trashcan,320,145,385,222
frontright_fisheye_image_0045.jpg,480,640,trashcan,289,179,319,217
frontright_fisheye_image_0046.jpg,480,640,trashcan,317,145,378,223
frontright_fisheye_image_0046.jpg,480,640,trashcan,279,182,310,219
frontright_fisheye_image_0047.jpg,480,640,trashcan,335,139,397,222
frontright_fisheye_image_0047.jpg,480,640,trashcan,288,183,319,221
frontright_fisheye_image_0048.jpg,480,640,trashcan,322,148,386,227
frontright_fisheye_image_0048.jpg,480,640,trashcan,269,189,300,228
frontright_fisheye_image_0049.jpg,480,640,trashcan,313,150,373,230
frontright_fisheye_image_0049.jpg,480,640,trashcan,255,194,284,230
frontright_fisheye_image_0050.jpg,480,640,trashcan,329,147,392,225
frontright_fisheye_image_0050.jpg,480,640,trashcan,264,193,290,224
frontright_fisheye_image_0052.jpg,480,640,trashcan,319,144,382,224
frontright_fisheye_image_0052.jpg,480,640,trashcan,236,197,265,229
frontright_fisheye_image_0053.jpg,480,640,trashcan,304,146,367,230
frontright_fisheye_image_0053.jpg,480,640,trashcan,220,197,250,234
frontright_fisheye_image_0054.jpg,480,640,trashcan,327,144,390,227
frontright_fisheye_image_0054.jpg,480,640,trashcan,228,198,259,234
frontright_fisheye_image_0055.jpg,480,640,trashcan,353,129,420,223
frontright_fisheye_image_0055.jpg,480,640,trashcan,239,194,274,231
frontright_fisheye_image_0056.jpg,480,640,trashcan,347,129,416,219
frontright_fisheye_image_0056.jpg,480,640,trashcan,229,193,260,232
frontright_fisheye_image_0057.jpg,480,640,trashcan,343,130,407,219
frontright_fisheye_image_0057.jpg,480,640,trashcan,218,196,250,234
frontright_fisheye_image_0058.jpg,480,640,trashcan,359,125,430,216
frontright_fisheye_image_0058.jpg,480,640,trashcan,224,193,256,231
frontright_fisheye_image_0059.jpg,480,640,trashcan,366,125,435,218
frontright_fisheye_image_0059.jpg,480,640,trashcan,223,196,258,233
frontright_fisheye_image_0060.jpg,480,640,trashcan,369,124,435,217
frontright_fisheye_image_0060.jpg,480,640,trashcan,226,196,259,233
frontright_fisheye_image_0062.jpg,480,640,trashcan,382,120,457,218
frontright_fisheye_image_0062.jpg,480,640,trashcan,227,198,261,234
frontright_fisheye_image_0063.jpg,480,640,trashcan,405,113,480,216
frontright_fisheye_image_0063.jpg,480,640,trashcan,234,195,271,233
frontright_fisheye_image_0064.jpg,480,640,trashcan,432,109,480,205
frontright_fisheye_image_0064.jpg,480,640,trashcan,246,187,280,229
frontright_fisheye_image_0066.jpg,480,640,trashcan,262,179,300,227
frontright_fisheye_image_0067.jpg,480,640,trashcan,272,179,309,227
frontright_fisheye_image_0068.jpg,480,640,trashcan,282,176,321,223
frontright_fisheye_image_0069.jpg,480,640,trashcan,289,173,331,219
frontright_fisheye_image_0070.jpg,480,640,trashcan,302,172,340,217
frontright_fisheye_image_0071.jpg,480,640,trashcan,284,173,322,220
frontright_fisheye_image_0072.jpg,480,640,trashcan,292,172,332,222
frontright_fisheye_image_0073.jpg,480,640,trashcan,300,171,342,219
frontright_fisheye_image_0074.jpg,480,640,trashcan,305,172,343,220
frontright_fisheye_image_0075.jpg,480,640,trashcan,296,174,335,224
frontright_fisheye_image_0076.jpg,480,640,trashcan,308,170,347,219
frontright_fisheye_image_0077.jpg,480,640,trashcan,317,165,360,218
frontright_fisheye_image_0078.jpg,480,640,trashcan,331,160,371,210
frontright_fisheye_image_0080.jpg,480,640,trashcan,352,145,401,201
frontright_fisheye_image_0081.jpg,480,640,trashcan,362,143,413,203
frontright_fisheye_image_0082.jpg,480,640,trashcan,380,129,434,200
frontright_fisheye_image_0084.jpg,480,640,trashcan,347,143,401,212
frontright_fisheye_image_0085.jpg,480,640,trashcan,359,142,415,211
frontright_fisheye_image_0086.jpg,480,640,trashcan,377,133,435,207
frontright_fisheye_image_0087.jpg,480,640,trashcan,390,126,460,214
frontright_fisheye_image_0096.jpg,480,640,trashcan,372,110,457,230
frontright_fisheye_image_0097.jpg,480,640,trashcan,352,123,427,233
frontright_fisheye_image_0098.jpg,480,640,trashcan,342,121,417,236
frontright_fisheye_image_0099.jpg,480,640,trashcan,347,117,425,234
frontright_fisheye_image_0100.jpg,480,640,trashcan,363,107,445,232
frontright_fisheye_image_0101.jpg,480,640,trashcan,388,96,480,227
frontright_fisheye_image_0119.jpg,480,640,trashcan,394,131,440,189
frontright_fisheye_image_0120.jpg,480,640,trashcan,305,120,387,235
frontright_fisheye_image_0120.jpg,480,640,trashcan,237,187,276,230
frontright_fisheye_image_0122.jpg,480,640,trashcan,289,119,370,234
frontright_fisheye_image_0122.jpg,480,640,trashcan,213,189,250,232
frontright_fisheye_image_0123.jpg,480,640,trashcan,312,100,397,225
frontright_fisheye_image_0123.jpg,480,640,trashcan,222,185,258,229
frontright_fisheye_image_0125.jpg,480,640,trashcan,347,104,432,226
frontright_fisheye_image_0125.jpg,480,640,trashcan,233,192,267,234
frontright_fisheye_image_0126.jpg,480,640,trashcan,368,92,453,219
frontright_fisheye_image_0126.jpg,480,640,trashcan,240,184,275,227
frontright_fisheye_image_0127.jpg,480,640,trashcan,366,93,452,216
frontright_fisheye_image_0127.jpg,480,640,trashcan,238,186,275,231
frontright_fisheye_image_0128.jpg,480,640,trashcan,368,93,452,217
frontright_fisheye_image_0128.jpg,480,640,trashcan,237,184,270,230
frontright_fisheye_image_0129.jpg,480,640,trashcan,369,90,454,217
frontright_fisheye_image_0129.jpg,480,640,trashcan,239,186,271,226
frontright_fisheye_image_0131.jpg,480,640,trashcan,254,181,292,225
frontright_fisheye_image_0132.jpg,480,640,trashcan,235,180,272,226
frontright_fisheye_image_0133.jpg,480,640,trashcan,243,177,280,219
frontright_fisheye_image_0134.jpg,480,640,trashcan,200,183,237,227
frontright_fisheye_image_0134.jpg,480,640,trashcan,369,76,447,192
frontright_fisheye_image_0135.jpg,480,640,trashcan,202,180,240,225
frontright_fisheye_image_0135.jpg,480,640,trashcan,384,69,466,183
frontright_fisheye_image_0136.jpg,480,640,trashcan,209,174,251,220
frontright_fisheye_image_0137.jpg,480,640,trashcan,225,160,263,207
frontright_fisheye_image_0138.jpg,480,640,trashcan,227,152,270,200
frontright_fisheye_image_0139.jpg,480,640,trashcan,206,169,245,219
frontright_fisheye_image_0140.jpg,480,640,trashcan,217,169,252,222
frontright_fisheye_image_0141.jpg,480,640,trashcan,225,164,266,216
frontright_fisheye_image_0143.jpg,480,640,trashcan,211,164,253,216
frontright_fisheye_image_0144.jpg,480,640,trashcan,223,157,263,212
frontright_fisheye_image_0145.jpg,480,640,trashcan,279,142,322,198
frontright_fisheye_image_0146.jpg,480,640,trashcan,293,146,334,204
frontright_fisheye_image_0147.jpg,480,640,trashcan,304,137,345,194
frontright_fisheye_image_0148.jpg,480,640,trashcan,311,129,355,190
frontright_fisheye_image_0149.jpg,480,640,trashcan,320,119,366,183
frontright_fisheye_image_0150.jpg,480,640,trashcan,333,113,380,175
frontright_fisheye_image_0151.jpg,480,640,trashcan,287,127,336,182
frontright_fisheye_image_0152.jpg,480,640,trashcan,296,122,345,186
frontright_fisheye_image_0153.jpg,480,640,trashcan,299,122,345,182
frontright_fisheye_image_0154.jpg,480,640,trashcan,286,126,331,185
frontright_fisheye_image_0155.jpg,480,640,trashcan,267,137,311,192
frontright_fisheye_image_0156.jpg,480,640,trashcan,277,140,315,186
frontright_fisheye_image_0157.jpg,480,640,trashcan,285,133,327,183
frontright_fisheye_image_0158.jpg,480,640,trashcan,287,128,332,180
frontright_fisheye_image_0159.jpg,480,640,trashcan,273,139,314,192
frontright_fisheye_image_0160.jpg,480,640,trashcan,272,143,315,196
frontright_fisheye_image_0162.jpg,480,640,trashcan,292,119,341,181
frontright_fisheye_image_0163.jpg,480,640,trashcan,308,104,357,175
frontright_fisheye_image_0164.jpg,480,640,trashcan,325,115,377,180
frontright_fisheye_image_0165.jpg,480,640,trashcan,309,118,359,187
frontright_fisheye_image_0166.jpg,480,640,trashcan,291,131,343,197
frontright_fisheye_image_0167.jpg,480,640,trashcan,303,133,355,199
frontright_fisheye_image_0168.jpg,480,640,trashcan,310,131,363,199
frontright_fisheye_image_0169.jpg,480,640,trashcan,312,146,359,209
frontright_fisheye_image_0171.jpg,480,640,trashcan,300,158,349,219
frontright_fisheye_image_0172.jpg,480,640,trashcan,290,163,337,222
frontright_fisheye_image_0173.jpg,480,640,trashcan,295,159,350,221
frontright_fisheye_image_0176.jpg,480,640,trashcan,289,171,336,228
frontright_fisheye_image_0177.jpg,480,640,trashcan,302,164,355,229
frontright_fisheye_image_0178.jpg,480,640,trashcan,313,159,365,226
frontright_fisheye_image_0180.jpg,480,640,trashcan,345,145,400,218
frontright_fisheye_image_0181.jpg,480,640,trashcan,357,137,413,212
frontright_fisheye_image_0182.jpg,480,640,trashcan,367,129,425,207
frontright_fisheye_image_0183.jpg,480,640,trashcan,383,132,444,206
frontright_fisheye_image_0184.jpg,480,640,trashcan,393,117,458,200
frontright_fisheye_image_0185.jpg,480,640,trashcan,410,114,476,194
frontright_fisheye_image_0186.jpg,480,640,trashcan,412,112,480,198
frontright_fisheye_image_0187.jpg,480,640,trashcan,429,104,480,199
frontright_fisheye_image_0207.jpg,480,640,trashcan,437,132,479,184
frontright_fisheye_image_0208.jpg,480,640,trashcan,395,150,432,193
frontright_fisheye_image_0209.jpg,480,640,trashcan,397,146,436,192
frontright_fisheye_image_0211.jpg,480,640,trashcan,417,140,458,192
frontright_fisheye_image_0212.jpg,480,640,trashcan,345,162,381,204
frontright_fisheye_image_0213.jpg,480,640,trashcan,322,168,356,207
frontright_fisheye_image_0214.jpg,480,640,trashcan,313,166,349,212
frontright_fisheye_image_0215.jpg,480,640,trashcan,290,176,327,224
frontright_fisheye_image_0216.jpg,480,640,trashcan,275,181,311,227
frontright_fisheye_image_0217.jpg,480,640,trashcan,279,179,316,226
left_fisheye_image_0022.jpg,640,480,trashcan,352,87,472,255
left_fisheye_image_0025.jpg,640,480,trashcan,477,125,576,230
left_fisheye_image_0027.jpg,640,480,trashcan,409,93,536,257
left_fisheye_image_0028.jpg,640,480,trashcan,317,90,436,240
left_fisheye_image_0029.jpg,640,480,trashcan,266,89,386,233
left_fisheye_image_0030.jpg,640,480,trashcan,226,91,350,235
left_fisheye_image_0031.jpg,640,480,trashcan,205,95,316,223
left_fisheye_image_0032.jpg,640,480,trashcan,180,103,290,232
left_fisheye_image_0032.jpg,640,480,trashcan,33,127,85,196
left_fisheye_image_0033.jpg,640,480,trashcan,51,139,106,191
left_fisheye_image_0033.jpg,640,480,trashcan,129,112,235,223
left_fisheye_image_0034.jpg,640,480,trashcan,62,136,110,191
left_fisheye_image_0034.jpg,640,480,trashcan,88,113,201,226
left_fisheye_image_0035.jpg,640,480,trashcan,91,123,189,219
left_fisheye_image_0036.jpg,640,480,trashcan,106,119,192,202
left_fisheye_image_0038.jpg,640,480,trashcan,134,124,199,196
left_fisheye_image_0039.jpg,640,480,trashcan,152,126,207,192
left_fisheye_image_0039.jpg,640,480,trashcan,240,140,263,173
left_fisheye_image_0040.jpg,640,480,trashcan,168,136,219,199
left_fisheye_image_0040.jpg,640,480,trashcan,262,146,286,177
left_fisheye_image_0041.jpg,640,480,trashcan,164,144,214,200
left_fisheye_image_0041.jpg,640,480,trashcan,266,148,286,184
left_fisheye_image_0042.jpg,640,480,trashcan,159,141,207,196
left_fisheye_image_0042.jpg,640,480,trashcan,261,151,286,183
left_fisheye_image_0043.jpg,640,480,trashcan,153,142,201,199
left_fisheye_image_0043.jpg,640,480,trashcan,253,151,278,187
left_fisheye_image_0044.jpg,640,480,trashcan,166,142,214,190
left_fisheye_image_0044.jpg,640,480,trashcan,276,149,293,176
left_fisheye_image_0045.jpg,640,480,trashcan,168,150,214,201
left_fisheye_image_0045.jpg,640,480,trashcan,288,154,310,185
left_fisheye_image_0046.jpg,640,480,trashcan,186,152,229,195
left_fisheye_image_0046.jpg,640,480,trashcan,307,156,327,185
left_fisheye_image_0047.jpg,640,480,trashcan,191,153,224,192
left_fisheye_image_0047.jpg,640,480,trashcan,318,161,336,191
left_fisheye_image_0048.jpg,640,480,trashcan,211,157,245,201
left_fisheye_image_0048.jpg,640,480,trashcan,336,156,359,191
left_fisheye_image_0049.jpg,640,480,trashcan,228,166,261,206
left_fisheye_image_0049.jpg,640,480,trashcan,360,158,382,191
left_fisheye_image_0050.jpg,640,480,trashcan,237,166,271,204
left_fisheye_image_0050.jpg,640,480,trashcan,368,159,395,194
left_fisheye_image_0051.jpg,640,480,trashcan,238,163,273,201
left_fisheye_image_0051.jpg,640,480,trashcan,377,161,396,198
left_fisheye_image_0052.jpg,640,480,trashcan,247,171,275,203
left_fisheye_image_0052.jpg,640,480,trashcan,386,161,411,197
left_fisheye_image_0053.jpg,640,480,trashcan,258,163,283,198
left_fisheye_image_0053.jpg,640,480,trashcan,401,166,421,195
left_fisheye_image_0054.jpg,640,480,trashcan,261,166,288,197
left_fisheye_image_0054.jpg,640,480,trashcan,408,158,430,191
left_fisheye_image_0055.jpg,640,480,trashcan,261,166,295,197
left_fisheye_image_0055.jpg,640,480,trashcan,409,159,435,193
left_fisheye_image_0056.jpg,640,480,trashcan,264,168,290,197
left_fisheye_image_0056.jpg,640,480,trashcan,413,153,441,195
left_fisheye_image_0058.jpg,640,480,trashcan,277,162,307,195
left_fisheye_image_0058.jpg,640,480,trashcan,424,151,458,196
left_fisheye_image_0059.jpg,640,480,trashcan,274,166,307,202
left_fisheye_image_0059.jpg,640,480,trashcan,426,154,457,202
left_fisheye_image_0060.jpg,640,480,trashcan,278,167,308,198
left_fisheye_image_0060.jpg,640,480,trashcan,425,152,456,191
left_fisheye_image_0061.jpg,640,480,trashcan,279,164,308,195
left_fisheye_image_0061.jpg,640,480,trashcan,429,151,456,191
left_fisheye_image_0062.jpg,640,480,trashcan,278,161,308,192
left_fisheye_image_0062.jpg,640,480,trashcan,432,151,461,190
left_fisheye_image_0064.jpg,640,480,trashcan,281,160,308,199
left_fisheye_image_0064.jpg,640,480,trashcan,434,148,461,191
left_fisheye_image_0065.jpg,640,480,trashcan,280,163,311,202
left_fisheye_image_0065.jpg,640,480,trashcan,431,146,461,193
left_fisheye_image_0066.jpg,640,480,trashcan,281,161,314,201
left_fisheye_image_0066.jpg,640,480,trashcan,431,151,462,194
left_fisheye_image_0067.jpg,640,480,trashcan,282,161,306,195
left_fisheye_image_0067.jpg,640,480,trashcan,436,150,463,187
left_fisheye_image_0068.jpg,640,480,trashcan,280,165,302,194
left_fisheye_image_0068.jpg,640,480,trashcan,432,152,461,194
left_fisheye_image_0070.jpg,640,480,trashcan,259,161,290,197
left_fisheye_image_0070.jpg,640,480,trashcan,403,146,430,194
left_fisheye_image_0071.jpg,640,480,trashcan,295,155,326,187
left_fisheye_image_0071.jpg,640,480,trashcan,434,143,467,189
left_fisheye_image_0072.jpg,640,480,trashcan,301,149,328,183
left_fisheye_image_0072.jpg,640,480,trashcan,435,136,469,191
left_fisheye_image_0073.jpg,640,480,trashcan,294,160,321,187
left_fisheye_image_0073.jpg,640,480,trashcan,404,137,441,187
left_fisheye_image_0074.jpg,640,480,trashcan,287,155,317,186
left_fisheye_image_0074.jpg,640,480,trashcan,396,140,438,196
left_fisheye_image_0075.jpg,640,480,trashcan,308,146,330,180
left_fisheye_image_0075.jpg,640,480,trashcan,396,136,434,192
left_fisheye_image_0076.jpg,640,480,trashcan,355,151,376,183
left_fisheye_image_0076.jpg,640,480,trashcan,437,146,481,204
left_fisheye_image_0077.jpg,640,480,trashcan,331,156,355,188
left_fisheye_image_0077.jpg,640,480,trashcan,391,142,431,202
left_fisheye_image_0078.jpg,640,480,trashcan,332,148,361,182
left_fisheye_image_0078.jpg,640,480,trashcan,371,137,412,196
left_fisheye_image_0079.jpg,640,480,trashcan,352,156,376,186
left_fisheye_image_0079.jpg,640,480,trashcan,369,146,408,210
left_fisheye_image_0080.jpg,640,480,trashcan,326,138,370,201
left_fisheye_image_0082.jpg,640,480,trashcan,316,131,356,200
left_fisheye_image_0082.jpg,640,480,trashcan,373,141,398,178
left_fisheye_image_0083.jpg,640,480,trashcan,306,133,351,200
left_fisheye_image_0083.jpg,640,480,trashcan,386,145,413,182
left_fisheye_image_0084.jpg,640,480,trashcan,289,134,338,202
left_fisheye_image_0084.jpg,640,480,trashcan,395,145,421,182
left_fisheye_image_0085.jpg,640,480,trashcan,280,137,328,203
left_fisheye_image_0085.jpg,640,480,trashcan,406,145,440,187
left_fisheye_image_0086.jpg,640,480,trashcan,261,131,310,198
left_fisheye_image_0086.jpg,640,480,trashcan,408,136,441,184
left_fisheye_image_0087.jpg,640,480,trashcan,287,125,334,188
left_fisheye_image_0087.jpg,640,480,trashcan,462,126,493,171
left_fisheye_image_0088.jpg,640,480,trashcan,320,133,362,204
left_fisheye_image_0088.jpg,640,480,trashcan,536,130,588,190
left_fisheye_image_0090.jpg,640,480,trashcan,246,131,297,194
left_fisheye_image_0090.jpg,640,480,trashcan,484,126,528,188
left_fisheye_image_0091.jpg,640,480,trashcan,216,134,264,196
left_fisheye_image_0091.jpg,640,480,trashcan,458,132,516,189
left_fisheye_image_0092.jpg,640,480,trashcan,192,135,239,192
left_fisheye_image_0092.jpg,640,480,trashcan,452,135,497,191
left_fisheye_image_0093.jpg,640,480,trashcan,175,136,226,193
left_fisheye_image_0093.jpg,640,480,trashcan,429,127,486,192
left_fisheye_image_0094.jpg,640,480,trashcan,140,141,196,200
left_fisheye_image_0094.jpg,640,480,trashcan,403,131,447,196
left_fisheye_image_0096.jpg,640,480,trashcan,73,132,129,192
left_fisheye_image_0096.jpg,640,480,trashcan,325,126,371,189
left_fisheye_image_0097.jpg,640,480,trashcan,25,139,91,196
left_fisheye_image_0097.jpg,640,480,trashcan,280,133,329,195
left_fisheye_image_0098.jpg,640,480,trashcan,1,142,50,187
left_fisheye_image_0098.jpg,640,480,trashcan,233,131,286,201
left_fisheye_image_0099.jpg,640,480,trashcan,8,140,66,196
left_fisheye_image_0099.jpg,640,480,trashcan,209,133,266,200
left_fisheye_image_0100.jpg,640,480,trashcan,3,146,68,196
left_fisheye_image_0100.jpg,640,480,trashcan,181,128,239,189
left_fisheye_image_0101.jpg,640,480,trashcan,52,145,96,192
left_fisheye_image_0101.jpg,640,480,trashcan,181,133,236,193
left_fisheye_image_0102.jpg,640,480,trashcan,76,141,113,184
left_fisheye_image_0102.jpg,640,480,trashcan,184,131,234,186
left_fisheye_image_0104.jpg,640,480,trashcan,169,137,210,190
left_fisheye_image_0104.jpg,640,480,trashcan,111,152,145,185
left_fisheye_image_0105.jpg,640,480,trashcan,216,129,258,176
left_fisheye_image_0105.jpg,640,480,trashcan,180,136,205,166
left_fisheye_image_0106.jpg,640,480,trashcan,208,139,242,181
left_fisheye_image_0106.jpg,640,480,trashcan,183,146,205,171
left_fisheye_image_0107.jpg,640,480,trashcan,199,128,236,174
left_fisheye_image_0107.jpg,640,480,trashcan,176,136,196,164
left_fisheye_image_0108.jpg,640,480,trashcan,177,141,199,166
left_fisheye_image_0108.jpg,640,480,trashcan,204,130,239,180
left_fisheye_image_0109.jpg,640,480,trashcan,168,144,195,171
left_fisheye_image_0109.jpg,640,480,trashcan,190,137,222,176
left_fisheye_image_0111.jpg,640,480,trashcan,211,136,245,178
left_fisheye_image_0112.jpg,640,480,trashcan,278,136,305,171
left_fisheye_image_0113.jpg,640,480,trashcan,301,135,324,171
left_fisheye_image_0114.jpg,640,480,trashcan,330,133,353,176
left_fisheye_image_0115.jpg,640,480,trashcan,343,148,369,183
left_fisheye_image_0115.jpg,640,480,trashcan,375,153,392,174
left_fisheye_image_0117.jpg,640,480,trashcan,542,149,596,206
left_fisheye_image_0119.jpg,640,480,trashcan,519,158,570,219
left_fisheye_image_0120.jpg,640,480,trashcan,449,160,491,220
left_fisheye_image_0120.jpg,640,480,trashcan,582,159,626,211
left_fisheye_image_0121.jpg,640,480,trashcan,407,156,454,219
left_fisheye_image_0121.jpg,640,480,trashcan,556,163,585,208
left_fisheye_image_0122.jpg,640,480,trashcan,372,158,418,213
left_fisheye_image_0122.jpg,640,480,trashcan,527,158,562,204
left_fisheye_image_0123.jpg,640,480,trashcan,335,155,377,219
left_fisheye_image_0123.jpg,640,480,trashcan,500,157,534,201
left_fisheye_image_0124.jpg,640,480,trashcan,467,150,506,191
left_fisheye_image_0125.jpg,640,480,trashcan,260,162,315,215
left_fisheye_image_0125.jpg,640,480,trashcan,444,142,476,185
left_fisheye_image_0126.jpg,640,480,trashcan,221,159,276,212
left_fisheye_image_0126.jpg,640,480,trashcan,420,144,449,180
left_fisheye_image_0128.jpg,640,480,trashcan,163,146,206,204
left_fisheye_image_0128.jpg,640,480,trashcan,372,148,409,191
left_fisheye_image_0129.jpg,640,480,trashcan,116,151,173,206
left_fisheye_image_0129.jpg,640,480,trashcan,348,154,371,192
left_fisheye_image_0130.jpg,640,480,trashcan,86,155,139,209
left_fisheye_image_0130.jpg,640,480,trashcan,318,154,345,196
left_fisheye_image_0131.jpg,640,480,trashcan,306,151,332,191
left_fisheye_image_0131.jpg,640,480,trashcan,75,141,127,200
left_fisheye_image_0132.jpg,640,480,trashcan,326,154,354,197
left_fisheye_image_0132.jpg,640,480,trashcan,127,156,167,202
left_fisheye_image_0133.jpg,640,480,trashcan,306,155,336,196
left_fisheye_image_0133.jpg,640,480,trashcan,108,157,152,197
left_fisheye_image_0134.jpg,640,480,trashcan,300,156,331,203
left_fisheye_image_0134.jpg,640,480,trashcan,121,160,161,200
left_fisheye_image_0136.jpg,640,480,trashcan,246,156,276,203
left_fisheye_image_0136.jpg,640,480,trashcan,65,148,112,195
left_fisheye_image_0137.jpg,640,480,trashcan,124,132,152,175
left_fisheye_image_0137.jpg,640,480,trashcan,269,142,298,178
left_fisheye_image_0138.jpg,640,480,trashcan,240,161,268,188
left_fisheye_image_0138.jpg,640,480,trashcan,353,151,386,191
left_fisheye_image_0139.jpg,640,480,trashcan,278,164,300,189
left_fisheye_image_0139.jpg,640,480,trashcan,382,148,414,190
left_fisheye_image_0140.jpg,640,480,trashcan,305,157,327,184
left_fisheye_image_0140.jpg,640,480,trashcan,405,139,438,182
left_fisheye_image_0141.jpg,640,480,trashcan,341,150,366,184
left_fisheye_image_0141.jpg,640,480,trashcan,436,141,474,196
left_fisheye_image_0144.jpg,640,480,trashcan,335,160,366,193
left_fisheye_image_0144.jpg,640,480,trashcan,396,149,423,210
left_fisheye_image_0145.jpg,640,480,trashcan,351,150,374,178
left_fisheye_image_0145.jpg,640,480,trashcan,394,140,431,198
left_fisheye_image_0146.jpg,640,480,trashcan,367,154,389,189
left_fisheye_image_0146.jpg,640,480,trashcan,390,146,424,206
left_fisheye_image_0147.jpg,640,480,trashcan,383,146,421,206
left_fisheye_image_0148.jpg,640,480,trashcan,358,138,396,204
left_fisheye_image_0149.jpg,640,480,trashcan,330,136,372,201
left_fisheye_image_0149.jpg,640,480,trashcan,376,146,399,180
left_fisheye_image_0150.jpg,640,480,trashcan,307,139,348,204
left_fisheye_image_0150.jpg,640,480,trashcan,376,149,400,182
left_fisheye_image_0152.jpg,640,480,trashcan,274,138,329,204
left_fisheye_image_0152.jpg,640,480,trashcan,392,146,422,184
left_fisheye_image_0153.jpg,640,480,trashcan,285,134,326,194
left_fisheye_image_0153.jpg,640,480,trashcan,426,139,453,178
left_fisheye_image_0154.jpg,640,480,trashcan,301,127,341,183
left_fisheye_image_0154.jpg,640,480,trashcan,465,126,502,168
left_fisheye_image_0155.jpg,640,480,trashcan,306,126,354,181
left_fisheye_image_0155.jpg,640,480,trashcan,509,127,553,172
left_fisheye_image_0156.jpg,640,480,trashcan,279,133,327,188
left_fisheye_image_0156.jpg,640,480,trashcan,494,125,541,183
left_fisheye_image_0157.jpg,640,480,trashcan,280,132,338,190
left_fisheye_image_0157.jpg,640,480,trashcan,523,127,576,192
left_fisheye_image_0158.jpg,640,480,trashcan,249,131,295,195
left_fisheye_image_0158.jpg,640,480,trashcan,496,121,551,183
left_fisheye_image_0160.jpg,640,480,trashcan,306,129,346,183
left_fisheye_image_0161.jpg,640,480,trashcan,287,130,332,192
left_fisheye_image_0162.jpg,640,480,trashcan,299,131,347,190
left_fisheye_image_0163.jpg,640,480,trashcan,301,133,337,186
left_fisheye_image_0165.jpg,640,480,trashcan,392,85,518,251
left_fisheye_image_0165.jpg,640,480,trashcan,168,131,223,199
left_fisheye_image_0166.jpg,640,480,trashcan,313,82,441,251
left_fisheye_image_0166.jpg,640,480,trashcan,184,132,230,191
left_fisheye_image_0167.jpg,640,480,trashcan,196,81,326,265
left_fisheye_image_0167.jpg,640,480,trashcan,182,137,214,193
left_fisheye_image_0168.jpg,640,480,trashcan,57,92,223,256
left_fisheye_image_0169.jpg,640,480,trashcan,23,95,192,265
left_fisheye_image_0170.jpg,640,480,trashcan,7,79,181,245
left_fisheye_image_0171.jpg,640,480,trashcan,1,78,107,251
left_fisheye_image_0171.jpg,640,480,trashcan,122,133,161,182
left_fisheye_image_0172.jpg,640,480,trashcan,105,133,152,184
left_fisheye_image_0173.jpg,640,480,trashcan,118,137,159,181
left_fisheye_image_0174.jpg,640,480,trashcan,126,136,163,178
left_fisheye_image_0175.jpg,640,480,trashcan,119,139,168,176
left_fisheye_image_0176.jpg,640,480,trashcan,121,134,161,184
left_fisheye_image_0177.jpg,640,480,trashcan,125,138,162,180
left_fisheye_image_0178.jpg,640,480,trashcan,127,138,163,179
left_fisheye_image_0179.jpg,640,480,trashcan,127,138,165,186
left_fisheye_image_0180.jpg,640,480,trashcan,117,136,152,178
left_fisheye_image_0181.jpg,640,480,trashcan,181,145,213,184
left_fisheye_image_0182.jpg,640,480,trashcan,221,144,251,176
left_fisheye_image_0182.jpg,640,480,trashcan,37,126,132,207
left_fisheye_image_0183.jpg,640,480,trashcan,112,141,171,210
left_fisheye_image_0184.jpg,640,480,trashcan,89,141,153,211
left_fisheye_image_0184.jpg,640,480,trashcan,261,152,288,192
left_fisheye_image_0185.jpg,640,480,trashcan,287,142,316,183
left_fisheye_image_0186.jpg,640,480,trashcan,328,161,356,193
left_fisheye_image_0187.jpg,640,480,trashcan,220,164,258,205
left_fisheye_image_0187.jpg,640,480,trashcan,376,154,396,190
left_fisheye_image_0188.jpg,640,480,trashcan,245,172,286,211
left_fisheye_image_0188.jpg,640,480,trashcan,406,151,434,195
left_fisheye_image_0189.jpg,640,480,trashcan,258,157,291,201
left_fisheye_image_0189.jpg,640,480,trashcan,425,145,457,193
left_fisheye_image_0190.jpg,640,480,trashcan,229,163,267,204
left_fisheye_image_0190.jpg,640,480,trashcan,402,154,431,193
left_fisheye_image_0191.jpg,640,480,trashcan,198,160,239,202
left_fisheye_image_0191.jpg,640,480,trashcan,373,159,398,201
left_fisheye_image_0192.jpg,640,480,trashcan,198,152,232,191
left_fisheye_image_0192.jpg,640,480,trashcan,371,151,399,188
left_fisheye_image_0193.jpg,640,480,trashcan,267,161,291,194
left_fisheye_image_0193.jpg,640,480,trashcan,443,151,471,196
left_fisheye_image_0194.jpg,640,480,trashcan,273,163,305,199
left_fisheye_image_0194.jpg,640,480,trashcan,454,150,485,193
left_fisheye_image_0195.jpg,640,480,trashcan,280,152,315,194
left_fisheye_image_0195.jpg,640,480,trashcan,458,136,501,186
left_fisheye_image_0196.jpg,640,480,trashcan,258,158,291,198
left_fisheye_image_0196.jpg,640,480,trashcan,434,141,471,196
left_fisheye_image_0197.jpg,640,480,trashcan,217,154,253,194
left_fisheye_image_0197.jpg,640,480,trashcan,392,142,425,197
left_fisheye_image_0198.jpg,640,480,trashcan,189,155,226,196
left_fisheye_image_0198.jpg,640,480,trashcan,352,147,391,201
left_fisheye_image_0199.jpg,640,480,trashcan,177,147,217,186
left_fisheye_image_0199.jpg,640,480,trashcan,331,141,371,193
left_fisheye_image_0200.jpg,640,480,trashcan,236,151,270,191
left_fisheye_image_0200.jpg,640,480,trashcan,366,138,406,197
left_fisheye_image_0202.jpg,640,480,trashcan,324,140,365,204
left_fisheye_image_0202.jpg,640,480,trashcan,234,148,264,182
left_fisheye_image_0203.jpg,640,480,trashcan,249,151,274,186
left_fisheye_image_0203.jpg,640,480,trashcan,306,139,357,205
left_fisheye_image_0204.jpg,640,480,trashcan,272,146,304,185
left_fisheye_image_0204.jpg,640,480,trashcan,311,131,361,202
left_fisheye_image_0205.jpg,640,480,trashcan,288,141,333,209
left_fisheye_image_0206.jpg,640,480,trashcan,305,130,349,203
left_fisheye_image_0207.jpg,640,480,trashcan,376,119,419,196
left_fisheye_image_0207.jpg,640,480,trashcan,427,131,455,166
left_fisheye_image_0209.jpg,640,480,trashcan,357,124,416,212
left_fisheye_image_0209.jpg,640,480,trashcan,479,138,516,189
left_fisheye_image_0210.jpg,640,480,trashcan,336,117,396,209
left_fisheye_image_0210.jpg,640,480,trashcan,500,130,549,183
left_fisheye_image_0211.jpg,640,480,trashcan,331,101,406,202
left_fisheye_image_0211.jpg,640,480,trashcan,561,106,623,178
left_fisheye_image_0212.jpg,640,480,trashcan,299,116,389,223
left_fisheye_image_0212.jpg,640,480,trashcan,597,121,640,188
left_fisheye_image_0213.jpg,640,480,trashcan,250,119,321,214
left_fisheye_image_0213.jpg,640,480,trashcan,556,121,631,201
left_fisheye_image_0214.jpg,640,480,trashcan,216,123,283,213
left_fisheye_image_0214.jpg,640,480,trashcan,551,125,636,210
left_fisheye_image_0215.jpg,640,480,trashcan,153,124,222,215
left_fisheye_image_0215.jpg,640,480,trashcan,506,121,580,195
left_fisheye_image_0216.jpg,640,480,trashcan,111,122,186,204
left_fisheye_image_0216.jpg,640,480,trashcan,473,121,543,197
left_fisheye_image_0217.jpg,640,480,trashcan,86,126,157,211
left_fisheye_image_0217.jpg,640,480,trashcan,441,117,511,208
left_fisheye_image_0218.jpg,640,480,trashcan,9,128,120,215
left_fisheye_image_0218.jpg,640,480,trashcan,387,121,464,207
left_fisheye_image_0220.jpg,640,480,trashcan,396,92,467,200
left_fisheye_image_0220.jpg,640,480,trashcan,129,116,194,178
left_fisheye_image_0221.jpg,640,480,trashcan,452,91,565,207
left_fisheye_image_0221.jpg,640,480,trashcan,226,126,276,180
left_fisheye_image_0222.jpg,640,480,trashcan,371,126,415,187
left_fisheye_image_0224.jpg,640,480,trashcan,319,143,357,195
left_fisheye_image_0225.jpg,640,480,trashcan,300,39,473,288
left_fisheye_image_0225.jpg,640,480,trashcan,282,126,307,176
left_fisheye_image_0226.jpg,640,480,trashcan,241,62,388,264
left_fisheye_image_0227.jpg,640,480,trashcan,121,82,264,259
left_fisheye_image_0227.jpg,640,480,trashcan,291,136,331,201
left_fisheye_image_0228.jpg,640,480,trashcan,110,103,237,245
left_fisheye_image_0228.jpg,640,480,trashcan,308,137,344,193
left_fisheye_image_0229.jpg,640,480,trashcan,82,121,196,240
left_fisheye_image_0229.jpg,640,480,trashcan,316,151,341,196
left_fisheye_image_0230.jpg,640,480,trashcan,292,150,329,192
left_fisheye_image_0230.jpg,640,480,trashcan,36,157,159,255
left_fisheye_image_0231.jpg,640,480,trashcan,360,137,391,181
left_fisheye_image_0231.jpg,640,480,trashcan,138,151,230,233
left_fisheye_image_0232.jpg,640,480,trashcan,188,136,260,200
left_fisheye_image_0232.jpg,640,480,trashcan,424,111,465,156
left_fisheye_image_0233.jpg,640,480,trashcan,210,141,271,203
left_fisheye_image_0233.jpg,640,480,trashcan,456,121,508,178
left_fisheye_image_0234.jpg,640,480,trashcan,235,130,293,190
left_fisheye_image_0234.jpg,640,480,trashcan,519,105,574,170
left_fisheye_image_0235.jpg,640,480,trashcan,228,136,296,197
left_fisheye_image_0235.jpg,640,480,trashcan,513,126,565,206
left_fisheye_image_0236.jpg,640,480,trashcan,209,126,258,189
left_fisheye_image_0236.jpg,640,480,trashcan,495,135,555,211
left_fisheye_image_0237.jpg,640,480,trashcan,156,126,221,192
left_fisheye_image_0237.jpg,640,480,trashcan,449,132,501,213
left_fisheye_image_0238.jpg,640,480,trashcan,375,128,415,206
left_fisheye_image_0238.jpg,640,480,trashcan,76,133,144,196
left_fisheye_image_0239.jpg,640,480,trashcan,337,124,391,200
left_fisheye_image_0239.jpg,640,480,trashcan,71,140,136,200
left_fisheye_image_0241.jpg,640,480,trashcan,275,132,322,206
left_fisheye_image_0241.jpg,640,480,trashcan,50,140,129,193
left_fisheye_image_0242.jpg,640,480,trashcan,251,114,304,189
left_fisheye_image_0242.jpg,640,480,trashcan,75,125,139,180
left_fisheye_image_0243.jpg,640,480,trashcan,339,131,387,205
left_fisheye_image_0243.jpg,640,480,trashcan,231,141,264,190
left_fisheye_image_0244.jpg,640,480,trashcan,319,126,377,205
left_fisheye_image_0244.jpg,640,480,trashcan,251,140,286,187
left_fisheye_image_0245.jpg,640,480,trashcan,378,121,441,204
left_fisheye_image_0245.jpg,640,480,trashcan,336,140,364,177
left_fisheye_image_0246.jpg,640,480,trashcan,363,126,428,222
left_fisheye_image_0247.jpg,640,480,trashcan,360,124,426,214
left_fisheye_image_0248.jpg,640,480,trashcan,386,106,461,213
left_fisheye_image_0248.jpg,640,480,trashcan,483,127,520,186
left_fisheye_image_0249.jpg,640,480,trashcan,391,112,488,225
left_fisheye_image_0249.jpg,640,480,trashcan,556,124,630,195
left_fisheye_image_0250.jpg,640,480,trashcan,368,107,465,226
left_fisheye_image_0250.jpg,640,480,trashcan,555,120,617,196
left_fisheye_image_0251.jpg,640,480,trashcan,316,96,391,198
right_fisheye_image_0001.jpg,640,480,trashcan,250,153,294,203
right_fisheye_image_0001.jpg,640,480,trashcan,439,137,492,199
right_fisheye_image_0002.jpg,640,480,trashcan,252,156,294,201
right_fisheye_image_0002.jpg,640,480,trashcan,439,139,490,198
right_fisheye_image_0003.jpg,640,480,trashcan,255,159,296,198
right_fisheye_image_0003.jpg,640,480,trashcan,442,139,490,197
right_fisheye_image_0004.jpg,640,480,trashcan,253,157,295,199
right_fisheye_image_0004.jpg,640,480,trashcan,441,139,490,200
right_fisheye_image_0005.jpg,640,480,trashcan,253,156,293,199
right_fisheye_image_0005.jpg,640,480,trashcan,441,139,488,200
right_fisheye_image_0006.jpg,640,480,trashcan,251,156,297,201
right_fisheye_image_0006.jpg,640,480,trashcan,439,138,492,199
right_fisheye_image_0007.jpg,640,480,trashcan,251,156,294,199
right_fisheye_image_0007.jpg,640,480,trashcan,440,140,487,198
right_fisheye_image_0008.jpg,640,480,trashcan,441,135,488,197
right_fisheye_image_0008.jpg,640,480,trashcan,251,158,294,203
right_fisheye_image_0009.jpg,640,480,trashcan,253,157,297,200
right_fisheye_image_0009.jpg,640,480,trashcan,438,138,491,197
right_fisheye_image_0010.jpg,640,480,trashcan,252,157,295,201
right_fisheye_image_0010.jpg,640,480,trashcan,439,139,491,199
right_fisheye_image_0012.jpg,640,480,trashcan,250,155,295,199
right_fisheye_image_0012.jpg,640,480,trashcan,443,137,489,194
right_fisheye_image_0013.jpg,640,480,trashcan,464,144,509,199
right_fisheye_image_0013.jpg,640,480,trashcan,269,153,309,198
right_fisheye_image_0014.jpg,640,480,trashcan,247,142,288,185
right_fisheye_image_0014.jpg,640,480,trashcan,436,139,477,192
right_fisheye_image_0015.jpg,640,480,trashcan,253,151,296,195
right_fisheye_image_0015.jpg,640,480,trashcan,444,147,485,197
right_fisheye_image_0016.jpg,640,480,trashcan,280,156,321,200
right_fisheye_image_0016.jpg,640,480,trashcan,462,144,502,195
right_fisheye_image_0017.jpg,640,480,trashcan,269,155,312,202
right_fisheye_image_0017.jpg,640,480,trashcan,443,140,479,186
right_fisheye_image_0018.jpg,640,480,trashcan,203,158,249,206
right_fisheye_image_0018.jpg,640,480,trashcan,367,148,398,187
right_fisheye_image_0020.jpg,640,480,trashcan,202,160,250,216
right_fisheye_image_0020.jpg,640,480,trashcan,351,157,385,198
right_fisheye_image_0021.jpg,640,480,trashcan,197,146,232,207
right_fisheye_image_0021.jpg,640,480,trashcan,348,153,375,193
right_fisheye_image_0022.jpg,640,480,trashcan,204,143,255,211
right_fisheye_image_0022.jpg,640,480,trashcan,350,159,378,200
right_fisheye_image_0024.jpg,640,480,trashcan,215,131,272,199
right_fisheye_image_0025.jpg,640,480,trashcan,170,123,237,203
right_fisheye_image_0025.jpg,640,480,trashcan,286,145,317,185
right_fisheye_image_0026.jpg,640,480,trashcan,194,127,259,206
right_fisheye_image_0026.jpg,640,480,trashcan,290,146,320,187
right_fisheye_image_0027.jpg,640,480,trashcan,194,115,261,201
right_fisheye_image_0027.jpg,640,480,trashcan,271,136,305,179
right_fisheye_image_0028.jpg,640,480,trashcan,179,109,247,200
right_fisheye_image_0028.jpg,640,480,trashcan,246,132,274,178
right_fisheye_image_0029.jpg,640,480,trashcan,151,102,238,201
right_fisheye_image_0030.jpg,640,480,trashcan,106,101,205,207
right_fisheye_image_0031.jpg,640,480,trashcan,120,101,222,212
right_fisheye_image_0032.jpg,640,480,trashcan,183,109,276,211
right_fisheye_image_0032.jpg,640,480,trashcan,133,128,174,179
right_fisheye_image_0033.jpg,640,480,trashcan,108,127,160,181
right_fisheye_image_0033.jpg,640,480,trashcan,204,100,302,215
right_fisheye_image_0034.jpg,640,480,trashcan,58,125,123,196
right_fisheye_image_0034.jpg,640,480,trashcan,229,104,319,220
right_fisheye_image_0036.jpg,640,480,trashcan,303,108,389,221
right_fisheye_image_0036.jpg,640,480,trashcan,18,119,107,193
right_fisheye_image_0037.jpg,640,480,trashcan,337,107,421,220
right_fisheye_image_0037.jpg,640,480,trashcan,2,115,91,198
right_fisheye_image_0038.jpg,640,480,trashcan,367,105,447,223
right_fisheye_image_0038.jpg,640,480,trashcan,2,108,72,209
right_fisheye_image_0040.jpg,640,480,trashcan,409,117,502,221
right_fisheye_image_0040.jpg,640,480,trashcan,1,105,90,221
right_fisheye_image_0041.jpg,640,480,trashcan,17,102,133,225
right_fisheye_image_0041.jpg,640,480,trashcan,451,109,545,227
right_fisheye_image_0043.jpg,640,480,trashcan,129,105,232,222
right_fisheye_image_0043.jpg,640,480,trashcan,526,113,638,230
right_fisheye_image_0044.jpg,640,480,trashcan,199,105,288,221
right_fisheye_image_0044.jpg,640,480,trashcan,588,117,640,223
right_fisheye_image_0045.jpg,640,480,trashcan,263,113,344,221
right_fisheye_image_0046.jpg,640,480,trashcan,265,105,344,215
right_fisheye_image_0046.jpg,640,480,trashcan,544,114,632,199
right_fisheye_image_0047.jpg,640,480,trashcan,256,106,343,223
right_fisheye_image_0047.jpg,640,480,trashcan,483,130,546,197
right_fisheye_image_0048.jpg,640,480,trashcan,245,111,334,229
right_fisheye_image_0048.jpg,640,480,trashcan,431,133,483,197
right_fisheye_image_0049.jpg,640,480,trashcan,240,112,325,229
right_fisheye_image_0049.jpg,640,480,trashcan,389,141,430,193
right_fisheye_image_0050.jpg,640,480,trashcan,240,115,330,232
right_fisheye_image_0050.jpg,640,480,trashcan,353,144,393,193
right_fisheye_image_0051.jpg,640,480,trashcan,249,111,330,233
right_fisheye_image_0051.jpg,640,480,trashcan,332,144,362,195
right_fisheye_image_0053.jpg,640,480,trashcan,313,147,342,191
right_fisheye_image_0053.jpg,640,480,trashcan,344,110,413,237
right_fisheye_image_0056.jpg,640,480,trashcan,301,141,337,192
right_fisheye_image_0056.jpg,640,480,trashcan,424,121,512,234
right_fisheye_image_0057.jpg,640,480,trashcan,283,141,322,186
right_fisheye_image_0057.jpg,640,480,trashcan,430,120,508,223
right_fisheye_image_0058.jpg,640,480,trashcan,284,142,321,189
right_fisheye_image_0058.jpg,640,480,trashcan,450,126,522,223
right_fisheye_image_0059.jpg,640,480,trashcan,248,139,293,188
right_fisheye_image_0059.jpg,640,480,trashcan,433,115,494,202
right_fisheye_image_0060.jpg,640,480,trashcan,216,142,261,198
right_fisheye_image_0060.jpg,640,480,trashcan,411,130,466,199
right_fisheye_image_0061.jpg,640,480,trashcan,202,140,245,193
right_fisheye_image_0061.jpg,640,480,trashcan,407,132,462,198
right_fisheye_image_0063.jpg,640,480,trashcan,230,145,280,198
right_fisheye_image_0063.jpg,640,480,trashcan,456,146,507,206
right_fisheye_image_0064.jpg,640,480,trashcan,257,147,301,197
right_fisheye_image_0064.jpg,640,480,trashcan,479,127,533,196
right_fisheye_image_0065.jpg,640,480,trashcan,270,144,318,190
right_fisheye_image_0065.jpg,640,480,trashcan,492,131,547,196
right_fisheye_image_0066.jpg,640,480,trashcan,285,141,335,196
right_fisheye_image_0066.jpg,640,480,trashcan,500,127,552,184
right_fisheye_image_0067.jpg,640,480,trashcan,302,150,347,203
right_fisheye_image_0067.jpg,640,480,trashcan,505,119,556,178
right_fisheye_image_0068.jpg,640,480,trashcan,314,151,359,206
right_fisheye_image_0068.jpg,640,480,trashcan,505,134,547,185
right_fisheye_image_0069.jpg,640,480,trashcan,326,155,371,212
right_fisheye_image_0069.jpg,640,480,trashcan,498,140,543,192
right_fisheye_image_0070.jpg,640,480,trashcan,458,156,494,200
right_fisheye_image_0071.jpg,640,480,trashcan,296,154,336,210
right_fisheye_image_0071.jpg,640,480,trashcan,422,160,456,200
right_fisheye_image_0072.jpg,640,480,trashcan,274,142,319,200
right_fisheye_image_0072.jpg,640,480,trashcan,385,155,414,195
right_fisheye_image_0074.jpg,640,480,trashcan,263,148,309,205
right_fisheye_image_0075.jpg,640,480,trashcan,364,157,384,190
right_fisheye_image_0075.jpg,640,480,trashcan,272,146,316,204
right_fisheye_image_0076.jpg,640,480,trashcan,249,132,295,192
right_fisheye_image_0076.jpg,640,480,trashcan,330,142,359,179
right_fisheye_image_0077.jpg,640,480,trashcan,231,141,278,200
right_fisheye_image_0077.jpg,640,480,trashcan,304,150,331,186
right_fisheye_image_0078.jpg,640,480,trashcan,223,132,276,195
right_fisheye_image_0078.jpg,640,480,trashcan,300,147,328,185
right_fisheye_image_0079.jpg,640,480,trashcan,226,136,275,198
right_fisheye_image_0079.jpg,640,480,trashcan,304,151,328,189
right_fisheye_image_0080.jpg,640,480,trashcan,224,137,273,198
right_fisheye_image_0080.jpg,640,480,trashcan,302,150,329,189
right_fisheye_image_0081.jpg,640,480,trashcan,227,139,275,197
right_fisheye_image_0081.jpg,640,480,trashcan,304,151,329,186
right_fisheye_image_0082.jpg,640,480,trashcan,228,135,273,199
right_fisheye_image_0082.jpg,640,480,trashcan,302,147,329,187
right_fisheye_image_0083.jpg,640,480,trashcan,228,137,274,199
right_fisheye_image_0083.jpg,640,480,trashcan,303,151,330,188
right_fisheye_image_0084.jpg,640,480,trashcan,154,143,209,199
right_fisheye_image_0084.jpg,640,480,trashcan,376,138,422,197
right_fisheye_image_0086.jpg,640,480,trashcan,133,130,196,189
right_fisheye_image_0086.jpg,640,480,trashcan,382,142,425,201
right_fisheye_image_0087.jpg,640,480,trashcan,171,141,231,199
right_fisheye_image_0087.jpg,640,480,trashcan,414,137,463,197
right_fisheye_image_0088.jpg,640,480,trashcan,209,141,264,197
right_fisheye_image_0088.jpg,640,480,trashcan,450,141,494,200
right_fisheye_image_0089.jpg,640,480,trashcan,330,146,381,203
right_fisheye_image_0090.jpg,640,480,trashcan,306,143,357,197
right_fisheye_image_0090.jpg,640,480,trashcan,537,104,604,168
right_fisheye_image_0091.jpg,640,480,trashcan,277,144,331,206
right_fisheye_image_0091.jpg,640,480,trashcan,473,121,519,179
right_fisheye_image_0092.jpg,640,480,trashcan,251,147,308,211
right_fisheye_image_0092.jpg,640,480,trashcan,429,136,466,186
right_fisheye_image_0093.jpg,640,480,trashcan,382,146,418,191
right_fisheye_image_0093.jpg,640,480,trashcan,221,149,276,213
right_fisheye_image_0094.jpg,640,480,trashcan,207,136,268,208
right_fisheye_image_0094.jpg,640,480,trashcan,360,152,393,193
right_fisheye_image_0096.jpg,640,480,trashcan,190,127,254,205
right_fisheye_image_0096.jpg,640,480,trashcan,315,146,345,189
right_fisheye_image_0097.jpg,640,480,trashcan,189,122,255,203
right_fisheye_image_0097.jpg,640,480,trashcan,299,143,328,181
right_fisheye_image_0098.jpg,640,480,trashcan,195,114,264,202
right_fisheye_image_0098.jpg,640,480,trashcan,283,141,309,181
right_fisheye_image_0099.jpg,640,480,trashcan,202,116,269,205
right_fisheye_image_0099.jpg,640,480,trashcan,270,141,293,182
right_fisheye_image_0100.jpg,640,480,trashcan,211,114,275,201
right_fisheye_image_0101.jpg,640,480,trashcan,216,112,286,203
right_fisheye_image_0103.jpg,640,480,trashcan,124,117,174,176
right_fisheye_image_0103.jpg,640,480,trashcan,188,96,283,206
right_fisheye_image_0104.jpg,640,480,trashcan,180,97,277,216
right_fisheye_image_0104.jpg,640,480,trashcan,44,119,109,186
right_fisheye_image_0105.jpg,640,480,trashcan,177,93,280,221
right_fisheye_image_0106.jpg,640,480,trashcan,217,102,310,225
right_fisheye_image_0107.jpg,640,480,trashcan,305,113,399,235
right_fisheye_image_0107.jpg,640,480,trashcan,1,115,67,210
right_fisheye_image_0108.jpg,640,480,trashcan,374,106,469,241
right_fisheye_image_0108.jpg,640,480,trashcan,26,95,115,198
right_fisheye_image_0109.jpg,640,480,trashcan,79,115,165,205
right_fisheye_image_0109.jpg,640,480,trashcan,438,104,555,236
right_fisheye_image_0110.jpg,640,480,trashcan,94,107,185,201
right_fisheye_image_0110.jpg,640,480,trashcan,475,100,598,227
right_fisheye_image_0111.jpg,640,480,trashcan,104,101,204,208
right_fisheye_image_0111.jpg,640,480,trashcan,495,96,603,216
right_fisheye_image_0112.jpg,640,480,trashcan,132,113,228,222
right_fisheye_image_0112.jpg,640,480,trashcan,513,110,613,222
right_fisheye_image_0113.jpg,640,480,trashcan,199,110,284,219
right_fisheye_image_0113.jpg,640,480,trashcan,564,117,640,236
right_fisheye_image_0114.jpg,640,480,trashcan,230,105,315,212
right_fisheye_image_0114.jpg,640,480,trashcan,542,107,638,211
right_fisheye_image_0115.jpg,640,480,trashcan,217,107,298,213
right_fisheye_image_0115.jpg,640,480,trashcan,484,123,548,198
right_fisheye_image_0116.jpg,640,480,trashcan,193,110,283,215
right_fisheye_image_0116.jpg,640,480,trashcan,417,131,470,195
right_fisheye_image_0117.jpg,640,480,trashcan,181,116,271,220
right_fisheye_image_0117.jpg,640,480,trashcan,370,136,414,190
right_fisheye_image_0118.jpg,640,480,trashcan,213,121,302,225
right_fisheye_image_0118.jpg,640,480,trashcan,366,142,406,196
right_fisheye_image_0119.jpg,640,480,trashcan,239,118,316,229
right_fisheye_image_0119.jpg,640,480,trashcan,359,141,397,192
right_fisheye_image_0120.jpg,640,480,trashcan,261,121,336,224
right_fisheye_image_0120.jpg,640,480,trashcan,347,147,382,194
right_fisheye_image_0122.jpg,640,480,trashcan,357,129,420,226
right_fisheye_image_0123.jpg,640,480,trashcan,355,143,382,192
right_fisheye_image_0123.jpg,640,480,trashcan,383,125,445,228
right_fisheye_image_0124.jpg,640,480,trashcan,351,150,384,197
right_fisheye_image_0124.jpg,640,480,trashcan,401,132,463,226
right_fisheye_image_0126.jpg,640,480,trashcan,337,155,367,198
right_fisheye_image_0126.jpg,640,480,trashcan,422,141,478,219
right_fisheye_image_0127.jpg,640,480,trashcan,357,151,389,191
right_fisheye_image_0127.jpg,640,480,trashcan,467,135,528,215
right_fisheye_image_0128.jpg,640,480,trashcan,359,150,388,191
right_fisheye_image_0128.jpg,640,480,trashcan,490,132,553,203
right_fisheye_image_0129.jpg,640,480,trashcan,335,147,367,190
right_fisheye_image_0129.jpg,640,480,trashcan,461,133,517,201
right_fisheye_image_0130.jpg,640,480,trashcan,289,153,322,192
right_fisheye_image_0130.jpg,640,480,trashcan,414,141,459,199
right_fisheye_image_0131.jpg,640,480,trashcan,273,153,307,196
right_fisheye_image_0131.jpg,640,480,trashcan,408,149,453,203
right_fisheye_image_0132.jpg,640,480,trashcan,269,157,303,201
right_fisheye_image_0132.jpg,640,480,trashcan,409,151,450,203
right_fisheye_image_0133.jpg,640,480,trashcan,294,161,328,202
right_fisheye_image_0133.jpg,640,480,trashcan,442,154,486,208
right_fisheye_image_0134.jpg,640,480,trashcan,317,157,348,196
right_fisheye_image_0134.jpg,640,480,trashcan,474,147,517,195
right_fisheye_image_0135.jpg,640,480,trashcan,344,158,378,194
right_fisheye_image_0135.jpg,640,480,trashcan,514,145,557,198
right_fisheye_image_0136.jpg,640,480,trashcan,360,157,393,191
right_fisheye_image_0136.jpg,640,480,trashcan,533,140,578,192
right_fisheye_image_0137.jpg,640,480,trashcan,346,157,377,191
right_fisheye_image_0137.jpg,640,480,trashcan,501,144,547,191
right_fisheye_image_0138.jpg,640,480,trashcan,340,165,371,196
right_fisheye_image_0138.jpg,640,480,trashcan,490,155,526,203
right_fisheye_image_0139.jpg,640,480,trashcan,337,164,370,200
right_fisheye_image_0139.jpg,640,480,trashcan,481,157,516,200
right_fisheye_image_0141.jpg,640,480,trashcan,353,168,385,205
right_fisheye_image_0141.jpg,640,480,trashcan,485,158,520,199
right_fisheye_image_0142.jpg,640,480,trashcan,344,161,375,199
right_fisheye_image_0142.jpg,640,480,trashcan,472,157,499,197
right_fisheye_image_0143.jpg,640,480,trashcan,285,164,314,199
right_fisheye_image_0143.jpg,640,480,trashcan,392,167,417,198
right_fisheye_image_0144.jpg,640,480,trashcan,258,161,284,200
right_fisheye_image_0144.jpg,640,480,trashcan,357,167,382,197
right_fisheye_image_0146.jpg,640,480,trashcan,224,156,251,193
right_fisheye_image_0146.jpg,640,480,trashcan,325,161,347,191
right_fisheye_image_0147.jpg,640,480,trashcan,218,158,249,198
right_fisheye_image_0147.jpg,640,480,trashcan,317,164,337,195
right_fisheye_image_0148.jpg,640,480,trashcan,198,145,237,186
right_fisheye_image_0148.jpg,640,480,trashcan,294,154,316,186
right_fisheye_image_0149.jpg,640,480,trashcan,179,144,221,190
right_fisheye_image_0149.jpg,640,480,trashcan,273,156,302,186
right_fisheye_image_0150.jpg,640,480,trashcan,284,158,308,189
right_fisheye_image_0150.jpg,640,480,trashcan,199,149,231,195
right_fisheye_image_0151.jpg,640,480,trashcan,279,155,305,184
right_fisheye_image_0152.jpg,640,480,trashcan,277,158,304,186
right_fisheye_image_0153.jpg,640,480,trashcan,184,146,224,189
right_fisheye_image_0153.jpg,640,480,trashcan,280,156,301,186
right_fisheye_image_0154.jpg,640,480,trashcan,184,144,226,191
right_fisheye_image_0155.jpg,640,480,trashcan,278,155,302,186
right_fisheye_image_0155.jpg,640,480,trashcan,183,147,226,189
right_fisheye_image_0156.jpg,640,480,trashcan,186,147,224,190
right_fisheye_image_0156.jpg,640,480,trashcan,278,156,303,185
right_fisheye_image_0157.jpg,640,480,trashcan,186,147,224,190
right_fisheye_image_0157.jpg,640,480,trashcan,278,156,306,186
right_fisheye_image_0158.jpg,640,480,trashcan,186,147,223,194
right_fisheye_image_0158.jpg,640,480,trashcan,278,154,301,186
right_fisheye_image_0159.jpg,640,480,trashcan,186,146,221,192
right_fisheye_image_0159.jpg,640,480,trashcan,276,154,302,184
right_fisheye_image_0160.jpg,640,480,trashcan,183,146,225,196
right_fisheye_image_0160.jpg,640,480,trashcan,279,155,304,187
right_fisheye_image_0161.jpg,640,480,trashcan,182,144,225,193
right_fisheye_image_0161.jpg,640,480,trashcan,280,156,302,186
right_fisheye_image_0162.jpg,640,480,trashcan,180,144,224,193
right_fisheye_image_0162.jpg,640,480,trashcan,278,156,302,184
right_fisheye_image_0163.jpg,640,480,trashcan,183,147,224,190
right_fisheye_image_0163.jpg,640,480,trashcan,278,155,301,184
right_fisheye_image_0164.jpg,640,480,trashcan,183,148,224,192
right_fisheye_image_0164.jpg,640,480,trashcan,279,154,303,186
right_fisheye_image_0166.jpg,640,480,trashcan,186,144,224,194
right_fisheye_image_0166.jpg,640,480,trashcan,278,155,301,184
right_fisheye_image_0167.jpg,640,480,trashcan,187,146,225,192
right_fisheye_image_0167.jpg,640,480,trashcan,278,155,299,186
right_fisheye_image_0170.jpg,640,480,trashcan,32,116,118,197
right_fisheye_image_0170.jpg,640,480,trashcan,163,136,195,170
right_fisheye_image_0172.jpg,640,480,trashcan,175,135,207,176
right_fisheye_image_0172.jpg,640,480,trashcan,56,117,135,194
right_fisheye_image_0173.jpg,640,480,trashcan,175,139,205,178
right_fisheye_image_0174.jpg,640,480,trashcan,175,138,206,175
right_fisheye_image_0174.jpg,640,480,trashcan,60,121,136,194
right_fisheye_image_0175.jpg,640,480,trashcan,60,121,134,192
right_fisheye_image_0175.jpg,640,480,trashcan,178,137,207,174
right_fisheye_image_0176.jpg,640,480,trashcan,99,117,168,192
right_fisheye_image_0176.jpg,640,480,trashcan,196,140,228,175
right_fisheye_image_0177.jpg,640,480,trashcan,153,117,219,189
right_fisheye_image_0177.jpg,640,480,trashcan,225,139,253,179
right_fisheye_image_0179.jpg,640,480,trashcan,266,125,323,200
right_fisheye_image_0180.jpg,640,480,trashcan,244,109,303,181
right_fisheye_image_0181.jpg,640,480,trashcan,231,124,291,198
right_fisheye_image_0181.jpg,640,480,trashcan,203,139,230,181
right_fisheye_image_0182.jpg,640,480,trashcan,223,138,251,175
right_fisheye_image_0182.jpg,640,480,trashcan,271,124,330,201
right_fisheye_image_0184.jpg,640,480,trashcan,214,133,249,175
right_fisheye_image_0184.jpg,640,480,trashcan,293,120,352,198
right_fisheye_image_0185.jpg,640,480,trashcan,191,134,230,181
right_fisheye_image_0185.jpg,640,480,trashcan,292,122,353,200
right_fisheye_image_0186.jpg,640,480,trashcan,161,132,204,182
right_fisheye_image_0186.jpg,640,480,trashcan,297,124,355,199
right_fisheye_image_0187.jpg,640,480,trashcan,156,133,201,183
right_fisheye_image_0187.jpg,640,480,trashcan,317,126,371,198
right_fisheye_image_0188.jpg,640,480,trashcan,137,133,188,186
right_fisheye_image_0188.jpg,640,480,trashcan,326,128,386,199
right_fisheye_image_0189.jpg,640,480,trashcan,144,129,202,186
right_fisheye_image_0189.jpg,640,480,trashcan,356,123,415,202
right_fisheye_image_0190.jpg,640,480,trashcan,183,129,232,189
right_fisheye_image_0190.jpg,640,480,trashcan,400,128,465,202
right_fisheye_image_0191.jpg,640,480,trashcan,165,121,219,184
right_fisheye_image_0191.jpg,640,480,trashcan,398,124,456,196
right_fisheye_image_0192.jpg,640,480,trashcan,161,126,220,189
right_fisheye_image_0192.jpg,640,480,trashcan,399,128,460,195
right_fisheye_image_0193.jpg,640,480,trashcan,171,126,228,191
right_fisheye_image_0193.jpg,640,480,trashcan,416,130,471,197
right_fisheye_image_0194.jpg,640,480,trashcan,186,128,244,196
right_fisheye_image_0194.jpg,640,480,trashcan,434,132,484,200
right_fisheye_image_0195.jpg,640,480,trashcan,267,145,320,210
right_fisheye_image_0195.jpg,640,480,trashcan,520,148,581,217
right_fisheye_image_0196.jpg,640,480,trashcan,472,136,538,216
right_fisheye_image_0197.jpg,640,480,trashcan,532,127,616,216
right_fisheye_image_0198.jpg,640,480,trashcan,523,119,597,205
right_fisheye_image_0200.jpg,640,480,trashcan,362,133,409,197
right_fisheye_image_0200.jpg,640,480,trashcan,602,135,640,204
right_fisheye_image_0201.jpg,640,480,trashcan,323,131,376,191
right_fisheye_image_0201.jpg,640,480,trashcan,518,131,576,191
right_fisheye_image_0202.jpg,640,480,trashcan,334,127,381,192
right_fisheye_image_0202.jpg,640,480,trashcan,503,133,556,182
right_fisheye_image_0203.jpg,640,480,trashcan,314,136,365,198
right_fisheye_image_0203.jpg,640,480,trashcan,456,145,493,189
right_fisheye_image_0204.jpg,640,480,trashcan,317,122,368,186
right_fisheye_image_0204.jpg,640,480,trashcan,440,131,480,176
right_fisheye_image_0205.jpg,640,480,trashcan,252,138,304,207
right_fisheye_image_0205.jpg,640,480,trashcan,353,150,391,196
right_fisheye_image_0206.jpg,640,480,trashcan,221,137,277,208
right_fisheye_image_0206.jpg,640,480,trashcan,314,151,346,189
right_fisheye_image_0207.jpg,640,480,trashcan,254,136,313,206
right_fisheye_image_0207.jpg,640,480,trashcan,329,147,360,191
right_fisheye_image_0208.jpg,640,480,trashcan,263,132,318,209
right_fisheye_image_0208.jpg,640,480,trashcan,318,147,347,197
right_fisheye_image_0209.jpg,640,480,trashcan,279,132,339,214
right_fisheye_image_0210.jpg,640,480,trashcan,296,132,358,217
right_fisheye_image_0211.jpg,640,480,trashcan,299,119,362,216
right_fisheye_image_0211.jpg,640,480,trashcan,262,137,295,185
right_fisheye_image_0212.jpg,640,480,trashcan,235,140,270,186
right_fisheye_image_0212.jpg,640,480,trashcan,297,118,368,225
right_fisheye_image_0213.jpg,640,480,trashcan,233,136,273,188
right_fisheye_image_0213.jpg,640,480,trashcan,340,122,409,223
right_fisheye_image_0214.jpg,640,480,trashcan,204,137,246,187
right_fisheye_image_0214.jpg,640,480,trashcan,348,115,419,217
right_fisheye_image_0215.jpg,640,480,trashcan,106,130,170,193
right_fisheye_image_0215.jpg,640,480,trashcan,322,117,385,211
right_fisheye_image_0216.jpg,640,480,trashcan,248,94,326,197
right_fisheye_image_0217.jpg,640,480,trashcan,204,87,296,202
right_fisheye_image_0218.jpg,640,480,trashcan,136,88,256,219
right_fisheye_image_0219.jpg,640,480,trashcan,80,75,250,257
right_fisheye_image_0220.jpg,640,480,trashcan,181,67,335,260
right_fisheye_image_0221.jpg,640,480,trashcan,183,50,350,267
right_fisheye_image_0223.jpg,640,480,trashcan,398,23,621,289
right_fisheye_image_0224.jpg,640,480,trashcan,452,44,640,297
right_fisheye_image_0225.jpg,640,480,trashcan,441,35,640,297
right_fisheye_image_0226.jpg,640,480,trashcan,513,51,640,268
right_fisheye_image_0227.jpg,640,480,trashcan,427,80,557,232
right_fisheye_image_0228.jpg,640,480,trashcan,348,93,428,211
right_fisheye_image_0229.jpg,640,480,trashcan,247,99,323,209
right_fisheye_image_0229.jpg,640,480,trashcan,476,121,532,186
right_fisheye_image_0230.jpg,640,480,trashcan,160,101,256,220
right_fisheye_image_0230.jpg,640,480,trashcan,363,133,405,187
right_fisheye_image_0231.jpg,640,480,trashcan,127,103,238,231
right_fisheye_image_0231.jpg,640,480,trashcan,310,141,352,193
right_fisheye_image_0232.jpg,640,480,trashcan,148,106,257,240
right_fisheye_image_0232.jpg,640,480,trashcan,291,145,330,195
right_fisheye_image_0233.jpg,640,480,trashcan,67,84,209,251
right_fisheye_image_0233.jpg,640,480,trashcan,201,135,250,195
right_fisheye_image_0234.jpg,640,480,trashcan,13,68,214,281
right_fisheye_image_0235.jpg,640,480,trashcan,134,146,185,216
right_fisheye_image_0235.jpg,640,480,trashcan,177,74,327,302
right_fisheye_image_0236.jpg,640,480,trashcan,177,146,228,203
right_fisheye_image_0236.jpg,640,480,trashcan,309,73,456,303
right_fisheye_image_0237.jpg,640,480,trashcan,128,123,197,198
right_fisheye_image_0237.jpg,640,480,trashcan,362,73,506,285
right_fisheye_image_0238.jpg,640,480,trashcan,134,124,210,205
right_fisheye_image_0238.jpg,640,480,trashcan,425,80,593,291
right_fisheye_image_0239.jpg,640,480,trashcan,180,129,244,203
right_fisheye_image_0239.jpg,640,480,trashcan,525,76,640,264
right_fisheye_image_0240.jpg,640,480,trashcan,194,127,253,205
right_fisheye_image_0240.jpg,640,480,trashcan,569,86,640,247
right_fisheye_image_0242.jpg,640,480,trashcan,326,102,389,189
right_fisheye_image_0243.jpg,640,480,trashcan,177,105,265,198
right_fisheye_image_0244.jpg,640,480,trashcan,29,99,159,212
right_fisheye_image_0245.jpg,640,480,trashcan,106,106,224,224
right_fisheye_image_0247.jpg,640,480,trashcan,281,106,362,225
right_fisheye_image_0248.jpg,640,480,trashcan,371,107,457,233
right_fisheye_image_0249.jpg,640,480,trashcan,435,89,563,230
right_fisheye_image_0249.jpg,640,480,trashcan,214,117,270,179
right_fisheye_image_0250.jpg,640,480,trashcan,375,98,467,215
right_fisheye_image_0250.jpg,640,480,trashcan,103,107,168,181
right_fisheye_image_0251.jpg,640,480,trashcan,1,107,98,203
right_fisheye_image_0251.jpg,640,480,trashcan,361,109,442,218
